loc,lOBlank,e,total_Op,i,v,branchCount,n,d,v(g),total_Opnd,lOCode,uniq_Op,uniq_Opnd,defects
1.1,2,1.3,1.2,1.3,1.3,1.4,1.3,1.3,1.4,1.2,2,1.2,1.2,False
1.0,1,1.0,1.0,1.0,1.0,1.0,1.0,1.0,1.0,1.0,1,1.0,1.0,True
91.0,31,57833.24,192.0,75.47,2089.21,17.0,318.0,27.68,9.0,126.0,80,29.0,66.0,True
109.0,24,72282.68,229.0,89.79,2547.56,38.0,381.0,28.37,21.0,152.0,97,28.0,75.0,True
505.0,49,1571506.88,1397.0,272.58,20696.93,178.0,2339.0,75.93,106.0,942.0,457,64.0,397.0,True
107.0,39,226588.75,359.0,80.95,4282.78,40.0,619.0,52.91,25.0,260.0,103,35.0,86.0,True
74.0,49,55178.46,169.0,66.66,1917.93,21.0,294.0,28.77,11.0,125.0,60,29.0,63.0,True
602.0,225,2730637.23,1641.0,246.47,25942.69,236.0,2785.0,105.26,136.0,1144.0,600,99.0,538.0,True
29.0,8,7127.8,73.0,72.35,718.1,3.0,140.0,9.93,2.0,67.0,28,8.0,27.0,True
36.0,10,34338.99,137.0,61.05,1447.91,5.0,254.0,23.72,3.0,117.0,34,15.0,37.0,True
70.0,18,81152.69,240.0,114.46,3047.71,21.0,434.0,26.63,11.0,194.0,57,28.0,102.0,True
109.0,17,31619.49,144.0,55.32,1322.55,39.0,223.0,23.91,20.0,79.0,89,23.0,38.0,True
37.0,24,27356.45,99.0,43.87,1095.44,5.0,187.0,24.97,3.0,88.0,35,21.0,37.0,True
90.0,17,70100.61,287.0,163.74,3387.95,57.0,488.0,20.69,29.0,201.0,66,21.0,102.0,True
19.0,9,4451.81,44.0,27.79,351.75,3.0,71.0,12.66,2.0,27.0,18,15.0,16.0,True
152.0,39,94929.66,243.0,85.6,2850.62,41.0,430.0,33.3,21.0,187.0,150,26.0,73.0,True
22.0,12,7516.89,59.0,38.68,539.23,9.0,100.0,13.94,5.0,41.0,22,17.0,25.0,True
69.0,17,87570.07,300.0,160.24,3745.93,23.0,536.0,23.38,12.0,236.0,68,21.0,106.0,True
49.0,10,24859.27,116.0,54.76,1166.73,12.0,191.0,21.31,9.0,75.0,46,25.0,44.0,True
48.0,23,49408.04,137.0,43.78,1470.82,5.0,248.0,33.59,3.0,111.0,37,23.0,38.0,True
128.0,34,168007.02,285.0,65.2,3310.02,37.0,494.0,50.76,19.0,209.0,107,34.0,70.0,True
32.0,11,34286.0,107.0,36.33,1116.0,11.0,186.0,30.72,6.0,79.0,30,28.0,36.0,True
38.0,20,31422.74,148.0,66.64,1447.1,11.0,244.0,21.71,6.0,96.0,38,19.0,42.0,True
34.0,19,17452.01,108.0,60.39,1026.58,11.0,176.0,17.0,6.0,68.0,34,19.0,38.0,True
16.0,8,2800.0,36.0,32.14,300.0,5.0,60.0,9.33,3.0,24.0,16,14.0,18.0,True
15.0,8,6740.46,50.0,31.08,457.69,7.0,86.0,14.73,4.0,36.0,14,18.0,22.0,True
14.0,7,1385.31,29.0,33.52,215.49,5.0,47.0,6.43,3.0,18.0,14,10.0,14.0,True
22.0,13,7779.61,59.0,36.9,535.76,9.0,100.0,14.52,5.0,41.0,22,17.0,24.0,True
22.0,15,3004.05,43.0,45.57,370.0,5.0,74.0,8.11,3.0,31.0,22,11.0,21.0,True
12.0,8,1141.33,24.0,30.96,187.98,3.0,41.0,6.07,2.0,17.0,12,10.0,14.0,True
25.0,3,7410.9,63.0,50.38,611.0,15.0,110.0,12.13,8.0,47.0,20,16.0,31.0,True
23.0,12,6656.52,57.0,44.56,544.62,7.0,101.0,12.22,4.0,44.0,23,15.0,27.0,True
8.0,6,1672.9,26.0,33.87,238.04,1.0,49.0,7.03,1.0,23.0,8,11.0,18.0,True
47.0,9,11756.11,83.0,67.47,890.61,13.0,149.0,13.2,7.0,66.0,40,18.0,45.0,True
19.0,28,4798.75,42.0,31.98,391.73,5.0,77.0,12.25,3.0,35.0,15,14.0,20.0,True
64.0,32,26165.5,119.0,52.7,1174.29,12.0,198.0,22.28,8.0,79.0,48,22.0,39.0,True
110.0,37,198677.1,361.0,97.66,4404.88,49.0,663.0,45.1,25.0,302.0,97,23.0,77.0,True
58.0,18,39236.98,164.0,98.09,1961.85,11.0,314.0,20.0,6.0,150.0,58,16.0,60.0,True
167.0,39,109272.46,367.0,218.7,4888.5,51.0,671.0,22.35,26.0,304.0,166,20.0,136.0,True
60.0,13,28568.25,109.0,40.9,1080.96,16.0,183.0,26.43,12.0,74.0,58,25.0,35.0,True
14.0,2,2734.06,26.0,17.5,218.72,5.0,46.0,12.5,3.0,20.0,13,15.0,12.0,True
15.0,8,909.35,28.0,59.59,232.79,1.0,53.0,3.91,1.0,25.0,13,5.0,16.0,True
120.0,36,424927.99,544.0,118.33,7090.97,13.0,1002.0,59.93,7.0,458.0,120,28.0,107.0,True
28.0,7,6559.11,52.0,34.79,477.69,8.0,86.0,13.73,6.0,34.0,28,21.0,26.0,True
64.0,80,86270.84,202.0,64.48,2358.66,23.0,368.0,36.58,12.0,166.0,54,26.0,59.0,True
61.0,11,37229.33,159.0,96.31,1893.56,13.0,304.0,19.66,7.0,145.0,49,16.0,59.0,True
3.0,1,99.66,6.0,11.07,33.22,1.0,10.0,3.0,1.0,4.0,3,6.0,4.0,True
141.0,56,236376.96,365.0,87.72,4553.49,36.0,657.0,51.91,24.0,292.0,141,32.0,90.0,True
6.0,7,905.55,18.0,21.43,139.32,1.0,30.0,6.5,1.0,12.0,6,13.0,12.0,True
93.0,31,102358.84,229.0,70.21,2680.83,24.0,409.0,38.18,17.0,180.0,93,28.0,66.0,True
6.0,7,905.55,18.0,21.43,139.32,1.0,30.0,6.5,1.0,12.0,6,13.0,12.0,True
31.0,9,8504.78,61.0,42.78,603.18,13.0,108.0,14.1,7.0,47.0,28,18.0,30.0,True
153.0,55,367939.9,462.0,95.98,5942.58,40.0,841.0,61.92,25.0,379.0,153,33.0,101.0,True
63.0,5,91007.81,229.0,88.87,2843.99,33.0,429.0,32.0,17.0,200.0,57,24.0,75.0,True
106.0,32,146524.08,297.0,92.23,3676.08,57.0,539.0,39.86,29.0,242.0,106,28.0,85.0,True
23.0,9,13174.23,66.0,32.1,650.3,9.0,113.0,20.26,5.0,47.0,21,25.0,29.0,True
29.0,7,18980.62,93.0,44.67,920.81,9.0,164.0,20.61,5.0,71.0,29,18.0,31.0,True
84.0,27,301439.38,457.0,140.08,6498.04,17.0,876.0,46.39,9.0,419.0,84,31.0,140.0,True
17.0,12,7446.38,58.0,40.63,550.02,1.0,102.0,13.54,1.0,44.0,16,16.0,26.0,True
6.0,0,69.74,6.0,17.43,34.87,1.0,11.0,2.0,1.0,5.0,6,4.0,5.0,True
15.0,7,6740.46,50.0,31.08,457.69,7.0,86.0,14.73,4.0,36.0,14,18.0,22.0,True
29.0,5,15166.52,84.0,43.84,815.4,9.0,146.0,18.6,5.0,62.0,29,18.0,30.0,True
5.0,0,69.74,6.0,17.43,34.87,1.0,11.0,2.0,1.0,5.0,5,4.0,5.0,True
15.0,9,1918.25,32.0,32.35,249.12,5.0,53.0,7.7,3.0,21.0,15,11.0,15.0,True
5.0,0,69.74,6.0,17.43,34.87,1.0,11.0,2.0,1.0,5.0,5,4.0,5.0,True
6.0,0,69.74,6.0,17.43,34.87,1.0,11.0,2.0,1.0,5.0,6,4.0,5.0,True
23.0,12,6459.19,57.0,46.5,548.05,7.0,101.0,11.79,4.0,44.0,23,15.0,28.0,True
5.0,0,69.74,6.0,17.43,34.87,1.0,11.0,2.0,1.0,5.0,5,4.0,5.0,True
5.0,0,69.74,6.0,17.43,34.87,1.0,11.0,2.0,1.0,5.0,5,4.0,5.0,True
43.0,16,14482.39,104.0,81.27,1084.92,17.0,186.0,13.35,9.0,82.0,43,14.0,43.0,True
14.0,4,3848.89,40.0,32.54,353.92,7.0,69.0,10.88,4.0,29.0,12,15.0,20.0,True
16.0,3,5863.3,52.0,39.65,482.18,9.0,90.0,12.16,5.0,38.0,13,16.0,25.0,True
3.0,2,308.4,13.0,15.23,68.53,1.0,18.0,4.5,1.0,5.0,3,9.0,5.0,True
24.0,7,9362.4,60.0,36.57,585.15,7.0,116.0,16.0,4.0,56.0,19,12.0,21.0,True
17.0,8,4805.3,45.0,31.88,391.38,7.0,79.0,12.28,4.0,34.0,15,13.0,18.0,True
6.0,0,69.74,6.0,17.43,34.87,1.0,11.0,2.0,1.0,5.0,6,4.0,5.0,True
27.0,20,10872.53,55.0,23.63,506.88,12.0,94.0,21.45,7.0,39.0,27,22.0,20.0,True
6.0,0,69.74,6.0,17.43,34.87,1.0,11.0,2.0,1.0,5.0,6,4.0,5.0,True
10.0,6,358.13,14.0,26.64,97.67,1.0,25.0,3.67,1.0,11.0,8,6.0,9.0,False
29.0,21,5147.38,48.0,30.85,398.51,8.0,79.0,12.92,6.0,31.0,29,15.0,18.0,False
8.0,2,148.5,8.0,7.33,33.0,3.0,11.0,4.5,2.0,3.0,6,6.0,2.0,False
108.0,43,106264.81,270.0,97.32,3215.86,39.0,464.0,33.04,22.0,194.0,107,31.0,91.0,False
14.0,1,6259.35,42.0,29.59,430.33,13.0,82.0,14.55,7.0,40.0,14,16.0,22.0,False
0.0,0,0.0,1.0,0.0,0.0,1.0,1.0,0.0,1.0,0.0,0,1.0,0.0,False
13.0,2,2314.39,25.0,14.24,181.52,7.0,42.0,12.75,4.0,17.0,13,12.0,8.0,False
0.0,0,0.0,1.0,0.0,0.0,1.0,1.0,0.0,1.0,0.0,0,1.0,0.0,False
56.0,2,92035.5,202.0,46.96,2078.92,29.0,327.0,44.27,1.0,125.0,49,34.0,48.0,False
0.0,0,0.0,2.0,0.0,2.0,1.0,2.0,0.0,1.0,0.0,0,2.0,0.0,False
0.0,0,0.0,2.0,0.0,2.0,1.0,2.0,0.0,1.0,0.0,0,2.0,0.0,False
0.0,0,0.0,2.0,0.0,2.0,1.0,2.0,0.0,1.0,0.0,0,2.0,0.0,False
0.0,0,0.0,2.0,0.0,2.0,1.0,2.0,0.0,1.0,0.0,0,2.0,0.0,False
0.0,0,0.0,2.0,0.0,2.0,1.0,2.0,0.0,1.0,0.0,0,2.0,0.0,False
0.0,0,0.0,2.0,0.0,2.0,1.0,2.0,0.0,1.0,0.0,0,2.0,0.0,False
0.0,0,0.0,2.0,0.0,2.0,1.0,2.0,0.0,1.0,0.0,0,2.0,0.0,False
0.0,0,0.0,2.0,0.0,2.0,1.0,2.0,0.0,1.0,0.0,0,2.0,0.0,False
7.0,5,534.7,18.0,31.25,129.27,1.0,31.0,4.14,1.0,13.0,7,7.0,11.0,False
9.0,2,504.0,16.0,28.57,120.0,3.0,30.0,4.2,2.0,14.0,9,6.0,10.0,False
10.0,11,908.41,22.0,26.02,153.73,1.0,35.0,5.91,1.0,13.0,10,10.0,11.0,False
7.0,5,534.7,18.0,31.25,129.27,1.0,31.0,4.14,1.0,13.0,7,7.0,11.0,False
9.0,2,504.0,16.0,28.57,120.0,3.0,30.0,4.2,2.0,14.0,9,6.0,10.0,False
14.0,18,2548.14,42.0,46.18,343.02,1.0,68.0,7.43,1.0,26.0,14,12.0,21.0,False
11.0,7,2470.53,29.0,28.36,264.7,5.0,57.0,9.33,3.0,28.0,11,10.0,15.0,False
19.0,14,3740.65,41.0,27.48,320.63,9.0,66.0,11.67,5.0,25.0,17,14.0,15.0,False
0.0,0,0.0,2.0,0.0,2.0,1.0,2.0,0.0,1.0,0.0,0,2.0,0.0,False
0.0,0,0.0,2.0,0.0,2.0,1.0,2.0,0.0,1.0,0.0,0,2.0,0.0,False
14.0,9,2280.82,33.0,37.7,293.25,3.0,61.0,7.78,2.0,28.0,14,10.0,18.0,False
4.0,1,87.17,7.0,13.95,34.87,1.0,11.0,2.5,1.0,4.0,4,5.0,4.0,False
4.0,3,87.17,7.0,13.95,34.87,1.0,11.0,2.5,1.0,4.0,4,5.0,4.0,False
11.0,5,1064.0,24.0,21.71,152.0,1.0,38.0,7.0,1.0,14.0,10,8.0,8.0,False
0.0,0,0.0,2.0,0.0,2.0,1.0,2.0,0.0,1.0,0.0,0,2.0,0.0,False
6.0,0,507.65,10.0,11.42,76.15,3.0,20.0,6.67,2.0,10.0,6,8.0,6.0,False
0.0,0,0.0,1.0,0.0,0.0,1.0,1.0,0.0,1.0,0.0,0,1.0,0.0,False
6.0,1,81.0,9.0,25.0,45.0,1.0,15.0,1.8,1.0,6.0,6,3.0,5.0,False
14.0,5,2138.11,33.0,25.22,232.19,3.0,50.0,9.21,2.0,17.0,14,13.0,12.0,False
17.0,1,6860.09,41.0,14.61,316.62,11.0,71.0,21.67,6.0,30.0,17,13.0,9.0,False
36.0,23,14063.19,92.0,55.33,882.1,13.0,154.0,15.94,7.0,62.0,35,18.0,35.0,False
49.0,30,21841.82,99.0,47.89,1022.69,18.0,168.0,21.36,10.0,69.0,43,26.0,42.0,False
0.0,0,0.0,2.0,0.0,2.0,1.0,2.0,0.0,1.0,0.0,0,2.0,0.0,False
40.0,16,22625.5,100.0,41.98,974.64,15.0,165.0,23.21,9.0,65.0,36,25.0,35.0,False
7.0,5,56.15,7.0,14.04,28.07,3.0,10.0,2.0,2.0,3.0,7,4.0,3.0,False
76.0,18,35879.48,132.0,56.74,1426.79,25.0,227.0,25.15,14.0,95.0,67,27.0,51.0,False
19.0,16,6067.0,52.0,37.81,478.97,3.0,90.0,12.67,2.0,38.0,18,16.0,24.0,False
15.0,7,1409.68,27.0,36.95,228.23,5.0,48.0,6.18,3.0,21.0,15,10.0,17.0,False
10.0,2,1539.78,18.0,13.12,142.13,5.0,31.0,10.83,3.0,13.0,10,15.0,9.0,False
10.0,11,1186.82,24.0,23.6,167.37,1.0,37.0,7.09,1.0,13.0,10,12.0,11.0,False
15.0,7,1409.68,27.0,36.95,228.23,5.0,48.0,6.18,3.0,21.0,15,10.0,17.0,False
10.0,2,1539.78,18.0,13.12,142.13,5.0,31.0,10.83,3.0,13.0,10,15.0,9.0,False
9.0,15,804.75,20.0,21.55,131.69,1.0,31.0,6.11,1.0,11.0,9,10.0,9.0,False
0.0,0,0.0,2.0,0.0,2.0,1.0,2.0,0.0,1.0,0.0,0,2.0,0.0,False
0.0,0,0.0,2.0,0.0,2.0,1.0,2.0,0.0,1.0,0.0,0,2.0,0.0,False
57.0,25,29696.99,125.0,59.57,1330.1,13.0,211.0,22.33,9.0,86.0,57,27.0,52.0,False
36.0,14,7423.67,67.0,51.55,618.64,17.0,112.0,12.0,9.0,45.0,28,16.0,30.0,False
0.0,0,0.0,2.0,0.0,2.0,1.0,2.0,0.0,1.0,0.0,0,2.0,0.0,False
9.0,1,562.59,16.0,15.63,93.77,1.0,24.0,6.0,1.0,8.0,9,9.0,6.0,False
8.0,4,140.0,10.0,12.6,42.0,1.0,14.0,3.33,1.0,4.0,7,5.0,3.0,False
14.0,7,702.84,22.0,31.45,148.68,3.0,35.0,4.73,2.0,13.0,14,8.0,11.0,False
4.0,0,188.21,8.0,15.36,53.77,1.0,15.0,3.5,1.0,7.0,4,6.0,6.0,False
36.0,3,12491.15,81.0,58.73,856.54,19.0,151.0,14.58,10.0,70.0,36,15.0,36.0,False
3.0,1,69.74,6.0,17.43,34.87,1.0,11.0,2.0,1.0,5.0,3,4.0,5.0,False
10.0,0,786.03,16.0,18.6,120.93,3.0,29.0,6.5,2.0,13.0,10,9.0,9.0,False
8.0,0,1911.12,24.0,19.43,192.72,3.0,41.0,9.92,2.0,17.0,8,14.0,12.0,False
0.0,0,0.0,2.0,0.0,2.0,1.0,2.0,0.0,1.0,0.0,0,2.0,0.0,False
0.0,0,0.0,2.0,0.0,2.0,1.0,2.0,0.0,1.0,0.0,0,2.0,0.0,False
0.0,0,0.0,2.0,0.0,2.0,1.0,2.0,0.0,1.0,0.0,0,2.0,0.0,False
51.0,28,32737.87,145.0,68.42,1496.59,27.0,245.0,21.88,14.0,100.0,51,21.0,48.0,False
0.0,0,0.0,2.0,0.0,2.0,1.0,2.0,0.0,1.0,0.0,0,2.0,0.0,False
0.0,0,0.0,2.0,0.0,2.0,1.0,2.0,0.0,1.0,0.0,0,2.0,0.0,False
0.0,0,0.0,2.0,0.0,2.0,1.0,2.0,0.0,1.0,0.0,0,2.0,0.0,False
0.0,0,0.0,2.0,0.0,2.0,1.0,2.0,0.0,1.0,0.0,0,2.0,0.0,False
0.0,0,0.0,2.0,0.0,2.0,1.0,2.0,0.0,1.0,0.0,0,2.0,0.0,False
7.0,6,480.69,16.0,27.25,114.45,1.0,28.0,4.2,1.0,12.0,7,7.0,10.0,False
18.0,7,7371.44,49.0,20.42,387.97,6.0,87.0,19.0,5.0,38.0,18,11.0,11.0,False
9.0,10,804.75,20.0,21.55,131.69,1.0,31.0,6.11,1.0,11.0,9,10.0,9.0,False
7.0,6,480.69,16.0,27.25,114.45,1.0,28.0,4.2,1.0,12.0,7,7.0,10.0,False
3.0,1,145.3,8.0,11.86,41.51,1.0,12.0,3.5,1.0,4.0,3,7.0,4.0,False
10.0,11,1186.82,24.0,23.6,167.37,1.0,37.0,7.09,1.0,13.0,10,12.0,11.0,False
35.0,22,13176.06,89.0,54.02,843.67,13.0,148.0,15.62,7.0,59.0,34,18.0,34.0,False
23.0,13,4423.57,51.0,44.98,446.07,11.0,85.0,9.92,6.0,34.0,22,14.0,24.0,False
0.0,0,0.0,2.0,0.0,2.0,1.0,2.0,0.0,1.0,0.0,0,2.0,0.0,False
0.0,0,0.0,2.0,0.0,2.0,1.0,2.0,0.0,1.0,0.0,0,2.0,0.0,False
0.0,0,0.0,2.0,0.0,2.0,1.0,2.0,0.0,1.0,0.0,0,2.0,0.0,False
63.0,31,56756.57,153.0,50.49,1692.74,16.0,267.0,33.53,11.0,114.0,63,30.0,51.0,False
22.0,7,2086.35,36.0,27.97,241.58,5.0,55.0,8.64,3.0,19.0,17,10.0,11.0,False
0.0,0,0.0,2.0,0.0,2.0,1.0,2.0,0.0,1.0,0.0,0,2.0,0.0,False
8.0,0,2568.63,24.0,17.84,214.05,5.0,48.0,12.0,3.0,24.0,8,11.0,11.0,False
142.0,8,481241.52,554.0,133.5,8015.42,143.0,1061.0,60.04,73.0,507.0,139,36.0,152.0,False
58.0,2,99019.72,268.0,89.69,2980.07,143.0,483.0,33.23,72.0,215.0,58,17.0,55.0,False
22.0,4,15993.34,65.0,15.66,500.5,27.0,102.0,31.95,14.0,37.0,21,19.0,11.0,False
29.0,1,20624.52,79.0,28.38,765.1,15.0,141.0,26.96,8.0,62.0,29,20.0,23.0,False
44.0,15,19400.82,108.0,72.17,1183.31,11.0,202.0,16.4,6.0,94.0,44,15.0,43.0,False
0.0,0,0.0,2.0,0.0,2.0,1.0,2.0,0.0,1.0,0.0,0,2.0,0.0,False
5.0,1,39.3,4.0,9.83,19.65,1.0,7.0,2.0,1.0,3.0,5,4.0,3.0,False
7.0,6,480.69,16.0,27.25,114.45,1.0,28.0,4.2,1.0,12.0,7,7.0,10.0,False
8.0,5,558.13,15.0,17.09,97.67,1.0,25.0,5.71,1.0,10.0,8,8.0,7.0,False
16.0,11,1972.97,33.0,30.24,244.27,1.0,54.0,8.08,1.0,21.0,16,10.0,13.0,False
7.0,6,480.69,16.0,27.25,114.45,1.0,28.0,4.2,1.0,12.0,7,7.0,10.0,False
8.0,5,558.13,15.0,17.09,97.67,1.0,25.0,5.71,1.0,10.0,8,8.0,7.0,False
9.0,10,804.75,20.0,21.55,131.69,1.0,31.0,6.11,1.0,11.0,9,10.0,9.0,False
0.0,0,0.0,2.0,0.0,2.0,1.0,2.0,0.0,1.0,0.0,0,2.0,0.0,False
0.0,0,0.0,2.0,0.0,2.0,1.0,2.0,0.0,1.0,0.0,0,2.0,0.0,False
3.0,1,762.02,20.0,18.44,118.54,1.0,29.0,6.43,1.0,9.0,3,10.0,7.0,False
3.0,0,12.0,3.0,5.33,8.0,1.0,4.0,1.5,1.0,1.0,3,3.0,1.0,False
23.0,7,6539.54,52.0,37.53,495.42,5.0,100.0,13.2,3.0,48.0,23,11.0,20.0,False
14.0,2,4084.22,33.0,18.15,272.28,3.0,63.0,15.0,2.0,30.0,14,10.0,10.0,False
3.0,0,17.41,3.0,7.74,11.61,1.0,5.0,1.5,1.0,2.0,3,3.0,2.0,False
0.0,0,23.22,4.0,5.8,11.61,1.0,5.0,2.0,1.0,1.0,0,4.0,1.0,False
27.0,2,15978.01,72.0,31.82,713.07,15.0,127.0,22.41,8.0,55.0,27,22.0,27.0,False
18.0,9,9667.76,53.0,27.19,512.67,9.0,97.0,18.86,5.0,44.0,18,18.0,21.0,False
53.0,48,31957.74,158.0,113.81,1907.11,5.0,296.0,16.76,3.0,138.0,51,17.0,70.0,False
253.0,17,582205.62,602.0,109.99,8002.45,51.0,1054.0,72.75,33.0,452.0,218,47.0,146.0,False
11.0,7,1243.98,25.0,26.32,180.94,3.0,40.0,6.87,2.0,15.0,11,11.0,12.0,False
10.0,7,931.41,21.0,28.4,162.63,1.0,39.0,5.73,1.0,18.0,10,7.0,11.0,False
17.0,11,2914.07,38.0,27.93,285.29,1.0,60.0,10.21,1.0,22.0,17,13.0,14.0,False
11.0,7,1243.98,25.0,26.32,180.94,3.0,40.0,6.87,2.0,15.0,11,11.0,12.0,False
10.0,7,931.41,21.0,28.4,162.63,1.0,39.0,5.73,1.0,18.0,10,7.0,11.0,False
15.0,14,1724.98,30.0,25.77,210.83,1.0,48.0,8.18,1.0,18.0,15,10.0,11.0,False
19.0,3,7881.04,78.0,67.09,727.12,5.0,134.0,10.84,3.0,56.0,19,12.0,31.0,False
28.0,10,13972.73,97.0,65.33,955.4,3.0,175.0,14.63,2.0,78.0,26,12.0,32.0,False
4.0,1,87.17,7.0,13.95,34.87,1.0,11.0,2.5,1.0,4.0,4,5.0,4.0,False
4.0,1,119.59,8.0,13.29,39.86,1.0,12.0,3.0,1.0,4.0,2,6.0,4.0,False
62.0,16,43359.38,145.0,66.95,1703.82,11.0,268.0,25.45,6.0,123.0,59,24.0,58.0,False
3.0,1,23.22,4.0,5.8,11.61,3.0,5.0,2.0,2.0,1.0,3,4.0,1.0,False
0.0,0,23.22,4.0,5.8,11.61,1.0,5.0,2.0,1.0,1.0,0,4.0,1.0,False
13.0,2,2395.81,26.0,20.13,219.62,5.0,50.0,10.91,3.0,24.0,13,10.0,11.0,False
16.0,10,16530.21,109.0,60.96,1003.86,3.0,185.0,16.47,2.0,76.0,16,13.0,30.0,False
5.0,2,186.03,8.0,8.54,39.86,1.0,12.0,4.67,1.0,4.0,5,7.0,3.0,False
15.0,2,2107.08,24.0,19.11,200.67,5.0,45.0,10.5,3.0,21.0,14,11.0,11.0,False
91.0,42,150993.43,235.0,44.12,2581.08,24.0,424.0,58.5,16.0,189.0,83,26.0,42.0,False
26.0,14,4917.61,49.0,43.17,460.75,9.0,86.0,10.67,5.0,37.0,26,15.0,26.0,False
11.0,11,772.6,23.0,49.83,196.21,1.0,44.0,3.94,1.0,21.0,10,6.0,16.0,False
16.0,12,2239.16,34.0,26.65,244.27,1.0,54.0,9.17,1.0,20.0,16,11.0,12.0,False
26.0,14,4917.61,49.0,43.17,460.75,9.0,86.0,10.67,5.0,37.0,26,15.0,26.0,False
11.0,13,811.7,23.0,46.01,193.26,1.0,44.0,4.2,1.0,21.0,10,6.0,15.0,False
17.0,11,2914.07,38.0,27.93,285.29,1.0,60.0,10.21,1.0,22.0,17,13.0,14.0,False
20.0,11,12054.49,65.0,31.49,616.12,17.0,115.0,19.57,9.0,50.0,20,18.0,23.0,False
23.0,3,9130.93,64.0,34.03,557.41,5.0,107.0,16.37,3.0,43.0,22,16.0,21.0,False
30.0,11,9420.58,71.0,50.36,688.77,13.0,124.0,13.68,7.0,53.0,29,16.0,31.0,False
29.0,9,20956.91,87.0,36.38,873.2,11.0,159.0,24.0,6.0,72.0,29,18.0,27.0,False
8.0,1,358.13,14.0,26.64,97.67,1.0,25.0,3.67,1.0,11.0,6,6.0,9.0,False
8.0,0,764.63,15.0,17.2,114.69,3.0,27.0,6.67,2.0,12.0,8,10.0,9.0,False
43.0,1,21613.73,101.0,50.81,1047.94,19.0,176.0,20.63,13.0,75.0,43,22.0,40.0,False
45.0,4,38870.09,122.0,47.52,1359.09,20.0,221.0,28.6,12.0,99.0,43,26.0,45.0,False
21.0,4,10742.56,50.0,15.74,411.2,15.0,83.0,26.13,8.0,33.0,20,19.0,12.0,False
3.0,0,189.35,10.0,21.04,63.12,1.0,19.0,3.0,1.0,9.0,3,4.0,6.0,False
33.0,13,4842.62,56.0,48.43,484.26,17.0,96.0,10.0,9.0,40.0,33,11.0,22.0,False
46.0,23,25462.18,99.0,41.03,1022.09,11.0,176.0,24.91,8.0,77.0,45,22.0,34.0,False
18.0,3,3204.9,43.0,40.56,360.55,11.0,75.0,8.89,6.0,32.0,15,10.0,18.0,False
45.0,1,10796.83,74.0,50.26,736.63,13.0,128.0,14.66,5.0,54.0,36,19.0,35.0,False
19.0,17,10572.26,64.0,38.3,636.29,3.0,118.0,16.62,2.0,54.0,16,16.0,26.0,False
8.0,8,665.58,19.0,30.56,142.62,1.0,33.0,4.67,1.0,14.0,8,8.0,12.0,False
5.0,2,161.94,8.0,11.52,43.19,1.0,13.0,3.75,1.0,5.0,4,6.0,4.0,False
11.0,11,1318.14,26.0,27.5,190.4,1.0,41.0,6.92,1.0,15.0,11,12.0,13.0,False
8.0,8,665.58,19.0,30.56,142.62,1.0,33.0,4.67,1.0,14.0,8,8.0,12.0,False
5.0,2,161.94,8.0,11.52,43.19,1.0,13.0,3.75,1.0,5.0,4,6.0,4.0,False
16.0,12,2239.16,34.0,26.65,244.27,1.0,54.0,9.17,1.0,20.0,16,11.0,12.0,False
19.0,12,13896.4,93.0,58.18,899.18,5.0,161.0,15.45,3.0,68.0,19,15.0,33.0,False
27.0,4,6817.14,67.0,45.16,554.88,5.0,110.0,12.29,3.0,43.0,27,12.0,21.0,False
10.0,3,1036.0,23.0,21.14,148.0,1.0,37.0,7.0,1.0,14.0,9,8.0,8.0,False
7.0,1,1120.04,23.0,27.56,175.69,3.0,40.0,6.38,2.0,17.0,7,9.0,12.0,False
17.0,0,3178.67,34.0,25.55,284.98,7.0,63.0,11.15,4.0,29.0,17,10.0,13.0,False
8.0,0,967.16,26.0,48.53,216.64,1.0,51.0,4.46,1.0,25.0,8,5.0,14.0,False
21.0,4,10742.56,50.0,15.74,411.2,15.0,83.0,26.13,8.0,33.0,20,19.0,12.0,False
13.0,1,3197.08,31.0,19.41,249.12,5.0,53.0,12.83,3.0,22.0,13,14.0,12.0,False
27.0,9,9743.56,65.0,34.52,579.97,12.0,105.0,16.8,8.0,40.0,25,21.0,25.0,False
14.0,22,6420.79,54.0,38.84,499.4,1.0,99.0,12.86,1.0,45.0,14,12.0,21.0,False
14.0,6,6345.71,36.0,15.86,317.29,9.0,66.0,20.0,5.0,30.0,12,16.0,12.0,False
28.0,14,5865.3,65.0,75.95,667.43,5.0,123.0,8.79,3.0,58.0,27,10.0,33.0,False
25.0,2,5596.62,51.0,43.77,494.94,11.0,93.0,11.31,6.0,42.0,18,14.0,26.0,False
19.0,5,10852.6,48.0,17.63,437.47,9.0,91.0,24.81,5.0,43.0,16,15.0,13.0,False
7.0,6,480.69,16.0,27.25,114.45,1.0,28.0,4.2,1.0,12.0,7,7.0,10.0,False
6.0,2,296.48,10.0,10.76,56.47,1.0,17.0,5.25,1.0,7.0,4,6.0,4.0,False
9.0,9,804.75,20.0,21.55,131.69,1.0,31.0,6.11,1.0,11.0,9,10.0,9.0,False
7.0,6,480.69,16.0,27.25,114.45,1.0,28.0,4.2,1.0,12.0,7,7.0,10.0,False
6.0,2,296.48,10.0,10.76,56.47,1.0,17.0,5.25,1.0,7.0,4,6.0,4.0,False
7.0,12,755.8,19.0,19.35,120.93,1.0,29.0,6.25,1.0,10.0,7,10.0,8.0,False
32.0,13,4888.17,57.0,50.85,498.57,17.0,98.0,9.8,9.0,41.0,32,11.0,23.0,False
32.0,19,10903.69,67.0,37.91,642.91,13.0,120.0,16.96,7.0,53.0,32,16.0,25.0,False
64.0,19,66987.0,151.0,41.25,1662.21,15.0,275.0,40.3,8.0,124.0,62,26.0,40.0,False
7.0,2,172.08,10.0,19.12,57.36,3.0,16.0,3.0,2.0,6.0,7,6.0,6.0,False
4.0,0,236.11,7.0,8.57,44.97,3.0,13.0,5.25,2.0,6.0,4,7.0,4.0,False
5.0,0,251.91,8.0,7.4,43.19,1.0,13.0,5.83,1.0,5.0,5,7.0,3.0,False
10.0,1,1609.32,28.0,38.09,247.59,3.0,54.0,6.5,2.0,26.0,10,8.0,16.0,False
10.0,1,4683.66,30.0,8.55,200.16,7.0,48.0,23.4,4.0,18.0,10,13.0,5.0,False
13.0,2,13562.53,53.0,14.99,450.83,13.0,91.0,30.08,7.0,38.0,13,19.0,12.0,False
8.0,6,479.73,16.0,23.69,106.61,7.0,28.0,4.5,4.0,12.0,5,6.0,8.0,False
18.0,10,4846.95,39.0,26.25,356.7,9.0,72.0,13.59,5.0,33.0,14,14.0,17.0,False
5.0,2,118.87,7.0,12.17,38.04,1.0,12.0,3.12,1.0,5.0,5,5.0,4.0,False
5.0,2,118.87,7.0,12.17,38.04,1.0,12.0,3.12,1.0,5.0,5,5.0,4.0,False
11.0,11,1318.14,26.0,27.5,190.4,1.0,41.0,6.92,1.0,15.0,11,12.0,13.0,False
24.0,8,7898.75,57.0,32.24,504.64,11.0,93.0,15.65,7.0,36.0,22,20.0,23.0,False
12.0,3,1189.42,22.0,19.66,152.93,5.0,36.0,7.78,3.0,14.0,12,10.0,9.0,False
3.0,0,139.52,8.0,15.5,46.51,1.0,14.0,3.0,1.0,6.0,1,5.0,5.0,False
64.0,19,58228.77,141.0,42.11,1565.82,15.0,260.0,37.19,8.0,119.0,62,25.0,40.0,False
12.0,0,3155.71,29.0,25.67,284.6,5.0,58.0,11.09,3.0,29.0,11,13.0,17.0,False
19.0,2,21801.15,75.0,28.4,786.81,17.0,145.0,27.71,9.0,70.0,19,19.0,24.0,False
0.0,0,119.59,8.0,13.29,39.86,3.0,12.0,3.0,2.0,4.0,0,6.0,4.0,False
46.0,42,34316.47,127.0,68.52,1533.42,27.0,238.0,22.38,14.0,111.0,46,25.0,62.0,False
72.0,10,41152.73,206.0,143.69,2431.75,41.0,371.0,16.92,21.0,165.0,62,16.0,78.0,False
47.0,18,22487.01,129.0,88.97,1414.44,19.0,230.0,15.9,10.0,101.0,47,17.0,54.0,False
72.0,10,52918.65,212.0,135.85,2681.21,4.0,412.0,19.74,3.0,200.0,65,15.0,76.0,False
41.0,21,13671.55,77.0,45.07,784.97,14.0,134.0,17.42,8.0,57.0,37,22.0,36.0,False
6.0,2,221.89,9.0,11.59,50.72,1.0,16.0,4.38,1.0,7.0,4,5.0,4.0,False
6.0,2,221.89,9.0,11.59,50.72,1.0,16.0,4.38,1.0,7.0,4,5.0,4.0,False
9.0,9,804.75,20.0,21.55,131.69,1.0,31.0,6.11,1.0,11.0,9,10.0,9.0,False
12.0,7,2409.08,27.0,15.98,196.21,1.0,44.0,12.28,1.0,17.0,12,13.0,9.0,False
123.0,30,115969.02,239.0,63.2,2707.18,36.0,388.0,42.84,27.0,149.0,122,46.0,80.0,False
24.0,9,9725.72,67.0,37.27,602.07,5.0,109.0,16.14,4.0,42.0,24,20.0,26.0,False
24.0,0,28547.12,75.0,15.29,660.69,15.0,136.0,43.21,8.0,61.0,24,17.0,12.0,False
19.0,1,7679.54,57.0,45.44,590.73,9.0,111.0,13.0,5.0,54.0,19,13.0,27.0,False
15.0,2,3280.22,33.0,25.27,287.92,3.0,62.0,11.39,2.0,29.0,15,11.0,14.0,False
0.0,0,152.16,8.0,9.51,38.04,3.0,12.0,4.0,2.0,4.0,0,6.0,3.0,False
0.0,0,0.0,1.0,0.0,0.0,1.0,1.0,0.0,1.0,0.0,0,1.0,0.0,False
6.0,3,1183.73,21.0,19.97,153.73,7.0,35.0,7.7,4.0,14.0,6,11.0,10.0,False
27.0,11,6265.89,59.0,39.0,494.35,17.0,98.0,12.68,9.0,39.0,27,13.0,20.0,False
17.0,0,3258.16,38.0,28.03,302.21,9.0,61.0,10.78,5.0,23.0,17,15.0,16.0,False
32.0,48,22083.6,129.0,93.12,1434.0,5.0,239.0,15.4,3.0,110.0,32,14.0,50.0,False
32.0,48,27376.73,136.0,85.96,1534.04,5.0,252.0,17.85,3.0,116.0,31,16.0,52.0,False
63.0,27,7793.81,102.0,164.89,1133.65,11.0,182.0,6.87,6.0,80.0,61,11.0,64.0,False
4.0,1,241.76,9.0,14.5,59.21,1.0,16.0,4.08,1.0,7.0,4,7.0,6.0,False
11.0,1,215.55,13.0,13.47,53.89,3.0,17.0,4.0,2.0,4.0,11,6.0,3.0,False
7.0,4,432.0,15.0,21.33,96.0,3.0,24.0,4.5,2.0,9.0,6,8.0,8.0,False
25.0,8,19255.97,95.0,53.64,1016.29,11.0,175.0,18.95,6.0,80.0,23,18.0,38.0,False
4.0,0,139.48,7.0,8.72,34.87,1.0,11.0,4.0,1.0,4.0,4,6.0,3.0,False
21.0,1,14109.14,72.0,41.3,763.37,13.0,139.0,18.48,7.0,67.0,21,16.0,29.0,False
11.0,1,907.38,18.0,22.15,141.78,3.0,34.0,6.4,2.0,16.0,11,8.0,10.0,False
0.0,0,152.16,8.0,9.51,38.04,3.0,12.0,4.0,2.0,4.0,0,6.0,3.0,False
66.0,8,109073.64,207.0,50.98,2358.12,52.0,366.0,46.25,28.0,159.0,66,32.0,55.0,False
40.0,17,47150.17,137.0,48.28,1508.81,17.0,247.0,31.25,9.0,110.0,40,25.0,44.0,False
42.0,14,53612.97,133.0,35.84,1386.16,11.0,242.0,38.68,6.0,109.0,40,22.0,31.0,False
16.0,2,1379.46,37.0,62.78,294.29,1.0,67.0,4.69,1.0,30.0,16,5.0,16.0,False
5.0,2,411.19,9.0,11.42,68.53,3.0,18.0,6.0,2.0,9.0,5,8.0,6.0,False
19.0,0,3998.33,42.0,30.08,346.79,9.0,70.0,11.53,5.0,28.0,19,14.0,17.0,False
28.0,6,10506.27,64.0,34.89,605.4,6.0,113.0,17.35,5.0,49.0,28,17.0,24.0,False
28.0,6,10506.27,64.0,34.89,605.4,6.0,113.0,17.35,5.0,49.0,28,17.0,24.0,False
17.0,5,1579.13,24.0,20.73,180.94,5.0,40.0,8.73,3.0,16.0,17,12.0,11.0,False
9.0,2,185.02,16.0,46.26,92.51,1.0,25.0,2.0,1.0,9.0,9,4.0,9.0,False
35.0,23,26767.81,94.0,34.18,956.56,13.0,167.0,27.98,7.0,73.0,33,23.0,30.0,False
6.0,1,332.19,13.0,20.76,83.05,1.0,25.0,4.0,1.0,12.0,6,4.0,6.0,False
11.0,2,5485.9,47.0,32.46,421.99,1.0,86.0,13.0,1.0,39.0,11,12.0,18.0,False
42.0,14,21677.08,88.0,35.76,880.44,9.0,156.0,24.62,7.0,68.0,42,21.0,29.0,False
21.0,9,3691.87,33.0,16.41,246.12,9.0,53.0,15.0,5.0,20.0,21,15.0,10.0,False
21.0,1,5282.39,40.0,20.0,325.07,13.0,70.0,16.25,7.0,30.0,21,13.0,12.0,False
0.0,0,152.16,8.0,9.51,38.04,3.0,12.0,4.0,2.0,4.0,0,6.0,3.0,False
36.0,4,29576.11,102.0,40.52,1094.78,29.0,193.0,27.02,15.0,91.0,36,19.0,32.0,False
37.0,18,37848.02,145.0,64.45,1561.98,15.0,250.0,24.23,8.0,105.0,37,24.0,52.0,False
12.0,3,2263.1,32.0,32.81,272.48,7.0,55.0,8.31,4.0,23.0,10,13.0,18.0,False
21.0,7,6507.43,49.0,27.09,419.83,10.0,80.0,15.5,6.0,31.0,19,19.0,19.0,False
10.0,2,609.45,21.0,45.65,166.8,1.0,40.0,3.65,1.0,19.0,8,5.0,13.0,False
13.0,9,942.33,26.0,50.67,218.51,1.0,49.0,4.31,1.0,23.0,11,6.0,16.0,False
23.0,10,4907.99,45.0,27.2,365.36,9.0,76.0,13.43,5.0,31.0,23,13.0,15.0,False
77.0,15,16883.11,99.0,44.17,863.51,21.0,153.0,19.55,11.0,54.0,62,21.0,29.0,False
4.0,0,172.44,9.0,16.84,53.89,1.0,17.0,3.2,1.0,8.0,4,4.0,5.0,False
4.0,0,108.97,6.0,11.16,34.87,1.0,11.0,3.12,1.0,5.0,4,5.0,4.0,False
9.0,2,2485.46,18.0,5.29,114.71,1.0,31.0,21.67,1.0,13.0,9,10.0,3.0,False
0.0,0,152.16,8.0,9.51,38.04,3.0,12.0,4.0,2.0,4.0,0,6.0,3.0,False
21.0,2,11186.0,52.0,19.75,470.0,15.0,94.0,23.8,9.0,42.0,18,17.0,15.0,False
41.0,19,48322.11,167.0,69.56,1833.36,17.0,290.0,26.36,9.0,123.0,41,24.0,56.0,False
46.0,21,23608.35,100.0,34.97,908.66,10.0,161.0,25.98,9.0,61.0,45,23.0,27.0,False
4.0,3,186.81,9.0,14.41,51.89,1.0,15.0,3.6,1.0,6.0,4,6.0,5.0,False
3.0,0,110.95,8.0,9.06,31.7,1.0,10.0,3.5,1.0,2.0,3,7.0,2.0,False
12.0,2,703.67,17.0,18.01,112.59,3.0,27.0,6.25,2.0,10.0,12,10.0,8.0,False
40.0,16,50068.96,137.0,44.52,1492.97,17.0,247.0,33.54,9.0,110.0,40,25.0,41.0,False
9.0,4,594.0,16.0,19.64,108.0,7.0,27.0,5.5,4.0,11.0,9,8.0,8.0,False
12.0,2,376.05,14.0,23.5,94.01,3.0,23.0,4.0,2.0,9.0,12,8.0,9.0,False
3.0,0,186.03,8.0,8.54,39.86,1.0,12.0,4.67,1.0,4.0,3,7.0,3.0,False
103.0,31,205454.31,378.0,106.19,4670.87,37.0,716.0,43.99,19.0,338.0,101,19.0,73.0,False
5.0,1,446.5,10.0,13.67,78.14,3.0,20.0,5.71,2.0,10.0,5,8.0,7.0,False
16.0,2,3476.92,37.0,35.44,351.03,7.0,69.0,9.9,4.0,32.0,16,13.0,21.0,False
0.0,0,119.59,8.0,13.29,39.86,3.0,12.0,3.0,2.0,4.0,0,6.0,4.0,False
8.0,1,803.88,19.0,22.33,133.98,5.0,31.0,6.0,3.0,12.0,8,10.0,10.0,False
77.0,25,169364.46,315.0,83.64,3763.65,27.0,555.0,45.0,14.0,240.0,77,30.0,80.0,False
8.0,1,248.0,19.0,62.0,124.0,1.0,31.0,2.0,1.0,12.0,8,4.0,12.0,False
15.0,6,2473.23,26.0,22.11,233.83,5.0,51.0,10.58,3.0,25.0,13,11.0,13.0,False
5.0,2,186.03,8.0,8.54,39.86,1.0,12.0,4.67,1.0,4.0,5,7.0,3.0,False
12.0,4,1121.45,20.0,16.48,135.93,5.0,32.0,8.25,3.0,12.0,12,11.0,8.0,False
44.0,19,65489.41,188.0,67.22,2098.14,21.0,324.0,31.21,11.0,136.0,44,28.0,61.0,False
4.0,2,286.8,12.0,17.92,71.7,1.0,20.0,4.0,1.0,8.0,4,6.0,6.0,False
15.0,5,1915.82,25.0,15.83,174.17,5.0,41.0,11.0,3.0,16.0,14,11.0,8.0,False
52.0,24,25890.47,143.0,66.5,1312.19,7.0,224.0,19.73,4.0,81.0,41,19.0,39.0,False
4.0,0,56.15,6.0,8.98,22.46,1.0,8.0,2.5,1.0,2.0,4,5.0,2.0,False
12.0,1,5073.1,34.0,19.82,317.07,5.0,64.0,16.0,3.0,30.0,12,16.0,15.0,False
7.0,1,496.63,15.0,19.38,98.1,5.0,24.0,5.06,3.0,9.0,7,9.0,8.0,False
8.0,2,1160.0,17.0,11.6,116.0,3.0,29.0,10.0,2.0,12.0,8,10.0,6.0,False
28.0,6,13084.83,58.0,21.9,535.29,9.0,102.0,24.44,5.0,44.0,28,20.0,18.0,False
155.0,101,191759.06,333.0,95.85,4287.21,46.0,604.0,44.73,26.0,271.0,143,34.0,103.0,False
9.0,4,1168.74,20.0,23.29,165.0,3.0,37.0,7.08,2.0,17.0,9,10.0,12.0,False
3.0,1,39.3,4.0,9.83,19.65,1.0,7.0,2.0,1.0,3.0,2,4.0,3.0,False
31.0,12,26406.88,136.0,87.22,1517.64,5.0,252.0,17.4,3.0,116.0,31,15.0,50.0,False
3.0,0,110.95,8.0,9.06,31.7,1.0,10.0,3.5,1.0,2.0,3,7.0,2.0,False
49.0,19,53537.93,186.0,81.98,2094.96,19.0,326.0,25.56,10.0,140.0,49,23.0,63.0,False
37.0,4,7545.68,58.0,38.89,541.74,11.0,97.0,13.93,6.0,39.0,37,20.0,28.0,False
15.0,5,1898.17,37.0,39.87,275.1,3.0,60.0,6.9,2.0,23.0,13,9.0,15.0,False
18.0,8,3765.19,46.0,46.0,416.15,1.0,84.0,9.05,1.0,38.0,18,10.0,21.0,False
144.0,62,636348.83,575.0,83.06,7270.02,71.0,1070.0,87.53,36.0,495.0,102,29.0,82.0,False
39.0,5,24336.47,92.0,39.25,977.37,15.0,175.0,24.9,8.0,83.0,39,18.0,30.0,False
19.0,1,7869.25,46.0,23.36,428.77,15.0,85.0,18.35,8.0,39.0,19,16.0,17.0,False
13.0,1,1345.7,24.0,26.51,188.87,3.0,43.0,7.13,2.0,19.0,13,9.0,12.0,False
89.0,12,170637.7,278.0,59.99,3199.46,55.0,470.0,53.33,34.0,192.0,87,40.0,72.0,False
70.0,24,34502.44,132.0,52.55,1346.57,22.0,213.0,25.62,20.0,81.0,70,31.0,49.0,False
21.0,3,3211.42,37.0,32.45,322.84,4.0,64.0,9.95,3.0,27.0,21,14.0,19.0,False
8.0,1,90.34,13.0,40.15,60.23,1.0,19.0,1.5,1.0,6.0,8,3.0,6.0,False
40.0,18,53996.81,153.0,55.79,1735.61,11.0,273.0,31.11,6.0,120.0,40,28.0,54.0,False
48.0,13,27428.6,145.0,120.16,1815.42,5.0,284.0,15.11,3.0,139.0,46,15.0,69.0,False
31.0,11,26406.88,136.0,87.22,1517.64,5.0,252.0,17.4,3.0,116.0,31,15.0,50.0,False
78.0,16,68640.9,159.0,43.51,1728.08,19.0,281.0,39.72,12.0,122.0,76,28.0,43.0,False
5.0,2,186.03,8.0,8.54,39.86,1.0,12.0,4.67,1.0,4.0,5,7.0,3.0,False
46.0,20,59806.2,192.0,79.08,2174.77,19.0,335.0,27.5,10.0,143.0,46,25.0,65.0,False
5.0,4,674.43,10.0,10.92,85.84,3.0,21.0,7.86,2.0,11.0,5,10.0,7.0,False
69.0,26,65518.01,217.0,90.99,2441.67,25.0,378.0,26.83,13.0,161.0,68,22.0,66.0,False
54.0,12,18517.95,90.0,43.19,894.33,12.0,154.0,20.71,7.0,64.0,52,22.0,34.0,False
54.0,19,84587.05,266.0,148.42,3543.26,9.0,507.0,23.87,5.0,241.0,54,21.0,106.0,False
141.0,56,640223.79,567.0,79.48,7133.16,71.0,1056.0,89.75,36.0,489.0,99,29.0,79.0,False
21.0,1,13980.48,63.0,24.27,582.52,9.0,111.0,24.0,5.0,48.0,21,19.0,19.0,False
13.0,1,2107.08,24.0,19.11,200.67,5.0,45.0,10.5,3.0,21.0,13,11.0,11.0,False
7.0,1,1104.67,16.0,11.62,113.3,5.0,29.0,9.75,3.0,13.0,7,9.0,6.0,False
10.0,3,499.41,18.0,34.26,130.8,1.0,32.0,3.82,1.0,14.0,10,6.0,11.0,False
41.0,14,60857.94,192.0,75.92,2149.51,3.0,343.0,28.31,2.0,151.0,41,21.0,56.0,False
42.0,5,11574.36,126.0,169.61,1401.11,11.0,221.0,8.26,6.0,95.0,37,12.0,69.0,False
16.0,8,9373.21,57.0,19.37,426.05,13.0,97.0,22.0,7.0,40.0,16,11.0,10.0,False
28.0,8,11016.6,69.0,43.76,694.32,13.0,125.0,15.87,7.0,56.0,28,17.0,30.0,False
31.0,12,26406.88,136.0,87.22,1517.64,5.0,252.0,17.4,3.0,116.0,31,15.0,50.0,False
5.0,2,961.25,13.0,10.81,101.95,3.0,24.0,9.43,2.0,11.0,5,12.0,7.0,False
8.0,2,558.13,15.0,17.09,97.67,1.0,25.0,5.71,1.0,10.0,8,8.0,7.0,False
32.0,6,7538.26,59.0,41.14,556.86,7.0,102.0,13.54,4.0,43.0,31,17.0,27.0,False
83.0,24,142018.98,296.0,88.12,3537.64,29.0,558.0,40.15,15.0,262.0,83,19.0,62.0,False
4.0,5,31.02,5.0,13.79,20.68,1.0,8.0,1.5,1.0,3.0,4,3.0,3.0,False
39.0,2,14355.42,77.0,41.04,767.54,13.0,134.0,18.7,8.0,57.0,37,21.0,32.0,False
9.0,1,2290.24,20.0,10.79,157.17,5.0,37.0,14.57,3.0,17.0,9,12.0,7.0,False
5.0,0,117.0,7.0,13.0,39.0,1.0,13.0,3.0,1.0,6.0,5,4.0,4.0,False
3.0,0,1208.3,16.0,15.29,135.93,5.0,32.0,8.89,3.0,16.0,3,10.0,9.0,False
9.0,5,2949.05,36.0,35.16,322.02,1.0,65.0,9.16,1.0,29.0,9,12.0,19.0,False
31.0,14,21196.67,70.0,20.59,660.68,13.0,125.0,32.08,7.0,55.0,28,21.0,18.0,False
37.0,16,24290.93,93.0,27.54,817.88,27.0,174.0,29.7,14.0,81.0,36,11.0,15.0,False
50.0,22,75642.93,196.0,69.97,2300.66,19.0,351.0,32.88,10.0,155.0,50,28.0,66.0,False
13.0,6,3241.66,40.0,30.06,312.16,1.0,70.0,10.38,1.0,30.0,13,9.0,13.0,False
76.0,48,78099.28,242.0,111.14,2946.23,15.0,473.0,26.51,8.0,231.0,76,14.0,61.0,False
31.0,11,26406.88,136.0,87.22,1517.64,5.0,252.0,17.4,3.0,116.0,31,15.0,50.0,False
79.0,27,45461.48,151.0,54.19,1569.64,25.0,243.0,28.96,23.0,92.0,79,34.0,54.0,False
12.0,4,1514.32,22.0,26.92,201.91,3.0,42.0,7.5,2.0,20.0,11,12.0,16.0,False
5.0,1,41.36,6.0,10.34,20.68,1.0,8.0,2.0,1.0,2.0,5,4.0,2.0,False
44.0,11,23323.93,98.0,47.47,1052.21,11.0,182.0,22.17,6.0,84.0,43,19.0,36.0,False
7.0,1,380.74,10.0,15.23,76.15,3.0,20.0,5.0,2.0,10.0,7,7.0,7.0,False
8.0,1,1552.49,17.0,14.35,149.28,3.0,33.0,10.4,2.0,16.0,8,13.0,10.0,False
14.0,1,2831.11,30.0,27.69,280.0,9.0,56.0,10.11,5.0,26.0,14,14.0,18.0,False
4.0,0,574.49,17.0,12.61,85.11,5.0,23.0,6.75,3.0,6.0,4,9.0,4.0,False
88.0,13,105895.19,274.0,118.25,3538.72,71.0,516.0,29.92,36.0,242.0,84,23.0,93.0,False
31.0,19,19337.41,70.0,23.19,669.69,13.0,125.0,28.88,7.0,55.0,26,21.0,20.0,False
40.0,20,16997.52,93.0,55.34,969.83,13.0,167.0,17.53,7.0,74.0,40,18.0,38.0,False
11.0,5,3421.92,28.0,17.46,244.42,7.0,52.0,14.0,4.0,24.0,9,14.0,12.0,False
21.0,9,8781.18,60.0,39.03,585.41,11.0,110.0,15.0,6.0,50.0,21,15.0,25.0,False
28.0,8,11016.6,69.0,43.76,694.32,13.0,125.0,15.87,7.0,56.0,28,17.0,30.0,False
50.0,17,79979.63,244.0,102.01,2856.42,5.0,440.0,28.0,3.0,196.0,50,20.0,70.0,False
9.0,7,1659.62,36.0,46.1,276.6,1.0,64.0,6.0,1.0,28.0,9,6.0,14.0,False
33.0,8,5570.49,61.0,66.7,609.54,11.0,108.0,9.14,6.0,47.0,33,14.0,36.0,False
21.0,8,7465.89,61.0,35.63,515.74,3.0,99.0,14.48,2.0,38.0,21,16.0,21.0,False
106.0,1,626797.86,492.0,47.04,5430.06,95.0,1007.0,115.43,48.0,515.0,103,13.0,29.0,False
6.0,0,1165.64,12.0,5.18,77.71,3.0,21.0,15.0,2.0,9.0,6,10.0,3.0,False
12.0,1,2210.79,31.0,21.91,220.08,7.0,48.0,10.05,4.0,17.0,12,13.0,11.0,False
6.0,2,135.0,7.0,6.67,30.0,1.0,10.0,4.5,1.0,3.0,6,6.0,2.0,False
50.0,4,127457.2,184.0,25.8,1813.42,37.0,307.0,70.29,20.0,123.0,50,32.0,28.0,False
31.0,19,20219.83,70.0,21.89,665.24,13.0,125.0,30.39,7.0,55.0,27,21.0,19.0,False
49.0,5,9185.49,142.0,288.76,1628.63,1.0,283.0,5.64,1.0,141.0,46,4.0,50.0,False
55.0,19,18831.94,100.0,48.69,957.56,17.0,159.0,19.67,15.0,59.0,55,26.0,39.0,False
21.0,9,8065.52,59.0,41.15,576.11,11.0,109.0,14.0,6.0,50.0,21,14.0,25.0,False
76.0,48,78099.28,242.0,111.14,2946.23,15.0,473.0,26.51,8.0,231.0,76,14.0,61.0,False
29.0,8,12003.03,96.0,103.05,1112.17,1.0,184.0,10.79,1.0,88.0,29,13.0,53.0,False
34.0,7,7074.24,56.0,41.62,542.63,7.0,100.0,13.04,5.0,44.0,34,16.0,27.0,False
16.0,0,3829.06,32.0,21.01,283.63,7.0,59.0,13.5,4.0,27.0,16,14.0,14.0,False
5.0,0,286.08,13.0,16.21,68.11,3.0,19.0,4.2,2.0,6.0,5,7.0,5.0,False
20.0,5,13284.98,59.0,27.22,601.38,19.0,113.0,22.09,10.0,54.0,20,18.0,22.0,False
9.0,3,1140.89,20.0,22.01,158.46,3.0,38.0,7.2,2.0,18.0,9,8.0,10.0,False
10.0,5,3409.75,20.0,6.98,154.29,7.0,37.0,22.1,4.0,17.0,10,13.0,5.0,False
13.0,2,3997.78,38.0,26.28,324.14,3.0,75.0,12.33,2.0,37.0,12,8.0,12.0,False
40.0,15,59167.8,181.0,74.49,2099.32,5.0,334.0,28.18,3.0,153.0,39,21.0,57.0,False
5.0,3,256.87,10.0,15.41,62.91,1.0,17.0,4.08,1.0,7.0,5,7.0,6.0,False
21.0,9,8781.18,60.0,39.03,585.41,11.0,110.0,15.0,6.0,50.0,21,15.0,25.0,False
9.0,5,3181.37,36.0,28.52,301.19,1.0,62.0,10.56,1.0,26.0,9,13.0,16.0,False
23.0,2,1130.36,43.0,137.84,394.73,1.0,85.0,2.86,1.0,42.0,23,3.0,22.0,False
12.0,3,1346.57,25.0,25.04,183.62,3.0,47.0,7.33,2.0,22.0,11,6.0,9.0,False
36.0,7,8885.44,64.0,44.89,631.56,7.0,115.0,14.07,5.0,51.0,36,16.0,29.0,False
54.0,17,35438.4,122.0,46.52,1284.0,15.0,214.0,27.6,11.0,92.0,54,24.0,40.0,False
6.0,2,66.0,7.0,16.5,33.0,3.0,11.0,2.0,2.0,4.0,6,4.0,4.0,False
152.0,14,4279633.01,1281.0,58.42,15811.64,72.0,2134.0,270.66,53.0,853.0,152,66.0,104.0,False
20.0,1,14141.06,70.0,33.58,689.14,13.0,127.0,20.52,7.0,57.0,20,18.0,25.0,False
23.0,9,18407.21,120.0,63.37,1080.01,1.0,218.0,17.04,1.0,98.0,23,8.0,23.0,False
49.0,20,47629.26,138.0,49.49,1535.28,11.0,254.0,31.02,6.0,116.0,49,23.0,43.0,False
21.0,9,8065.52,59.0,41.15,576.11,11.0,109.0,14.0,6.0,50.0,21,14.0,25.0,False
16.0,8,2557.63,38.0,47.11,347.11,3.0,73.0,7.37,2.0,35.0,16,8.0,19.0,False
22.0,8,5110.0,45.0,26.07,365.0,5.0,73.0,14.0,4.0,28.0,21,16.0,16.0,False
42.0,16,12066.02,82.0,61.13,858.87,9.0,146.0,14.05,5.0,64.0,37,18.0,41.0,False
18.0,5,3102.25,62.0,110.26,584.85,1.0,123.0,5.3,1.0,61.0,18,4.0,23.0,False
16.0,3,5466.44,37.0,19.33,325.03,11.0,74.0,16.82,6.0,37.0,16,10.0,11.0,False
4.0,0,85.59,6.0,9.51,28.53,3.0,9.0,3.0,2.0,3.0,4,6.0,3.0,False
51.0,5,48911.24,153.0,55.26,1644.08,23.0,272.0,29.75,12.0,119.0,50,22.0,44.0,False
60.0,30,37289.12,118.0,44.45,1287.46,25.0,213.0,28.96,13.0,95.0,56,25.0,41.0,False
77.0,21,135395.77,218.0,47.35,2532.08,20.0,393.0,53.47,12.0,175.0,71,33.0,54.0,False
23.0,13,23005.27,78.0,25.45,765.1,11.0,141.0,30.07,6.0,63.0,21,21.0,22.0,False
18.0,8,6090.14,48.0,32.47,444.68,5.0,83.0,13.7,3.0,35.0,18,18.0,23.0,False
19.0,6,2276.8,34.0,35.57,284.6,9.0,58.0,8.0,5.0,24.0,17,12.0,18.0,False
27.0,9,26437.57,101.0,44.04,1079.08,11.0,185.0,24.5,6.0,84.0,27,21.0,36.0,False
12.0,5,386.78,16.0,19.1,85.95,4.0,22.0,4.5,3.0,6.0,11,9.0,6.0,False
30.0,13,11109.18,67.0,43.0,691.12,11.0,129.0,16.07,6.0,62.0,27,14.0,27.0,False
89.0,27,52396.16,194.0,92.24,2198.44,39.0,337.0,23.83,20.0,143.0,87,23.0,69.0,False
10.0,2,7494.65,33.0,13.72,320.63,9.0,66.0,23.38,5.0,33.0,9,17.0,12.0,False
6.0,0,218.94,10.0,21.19,68.11,1.0,19.0,3.21,1.0,9.0,6,5.0,7.0,False
50.0,3,63649.28,159.0,48.52,1757.32,37.0,294.0,36.22,19.0,135.0,46,22.0,41.0,False
11.0,4,990.0,28.0,48.89,220.0,1.0,55.0,4.5,1.0,27.0,11,4.0,12.0,False
11.0,6,245.83,16.0,30.11,86.04,3.0,24.0,2.86,2.0,8.0,10,5.0,7.0,False
5.0,4,475.93,14.0,18.57,94.01,1.0,23.0,5.06,1.0,9.0,5,9.0,8.0,False
122.0,18,211067.8,291.0,58.14,3503.2,17.0,532.0,60.25,15.0,241.0,120,32.0,64.0,False
39.0,8,12381.56,77.0,49.03,779.11,11.0,133.0,15.89,6.0,56.0,39,21.0,37.0,False
3.0,1,39.3,4.0,9.83,19.65,1.0,7.0,2.0,1.0,3.0,3,4.0,3.0,False
27.0,12,16266.67,75.0,32.61,728.36,9.0,142.0,22.33,5.0,67.0,27,14.0,21.0,False
12.0,5,386.78,16.0,19.1,85.95,4.0,22.0,4.5,3.0,6.0,9,9.0,6.0,False
5.0,1,707.14,14.0,14.14,100.0,1.0,25.0,7.07,1.0,11.0,5,9.0,7.0,False
130.0,32,161178.36,307.0,88.43,3775.22,61.0,560.0,42.69,31.0,253.0,126,27.0,80.0,False
84.0,17,61049.26,176.0,65.3,1996.61,24.0,295.0,30.58,14.0,119.0,83,37.0,72.0,False
42.0,3,81768.15,251.0,100.54,2867.19,3.0,471.0,28.52,2.0,220.0,42,14.0,54.0,False
24.0,4,11102.33,59.0,29.2,569.35,11.0,111.0,19.5,6.0,52.0,24,15.0,20.0,False
4.0,0,49.13,5.0,7.86,19.65,1.0,7.0,2.5,1.0,2.0,4,5.0,2.0,False
12.0,0,4600.49,46.0,39.03,423.73,13.0,84.0,10.86,7.0,38.0,12,12.0,21.0,False
17.0,9,3062.5,38.0,32.4,315.0,5.0,63.0,9.72,3.0,25.0,17,14.0,18.0,False
118.0,29,66879.33,239.0,129.41,2942.06,41.0,440.0,22.73,21.0,201.0,101,19.0,84.0,False
9.0,6,179.38,12.0,19.93,59.79,3.0,18.0,3.0,2.0,6.0,8,5.0,5.0,False
39.0,8,12381.56,77.0,49.03,779.11,11.0,133.0,15.89,6.0,56.0,39,21.0,37.0,False
5.0,3,256.87,10.0,15.41,62.91,1.0,17.0,4.08,1.0,7.0,5,7.0,6.0,False
69.0,31,40184.36,168.0,79.38,1785.97,18.0,270.0,22.5,11.0,102.0,60,30.0,68.0,False
67.0,13,50051.79,154.0,62.91,1774.41,21.0,284.0,28.21,11.0,130.0,64,23.0,53.0,False
5.0,2,378.0,12.0,18.67,84.0,1.0,21.0,4.5,1.0,9.0,5,8.0,8.0,False
4.0,0,296.65,7.0,7.91,48.43,3.0,14.0,6.13,2.0,7.0,4,7.0,4.0,False
28.0,6,9929.59,57.0,27.15,519.19,7.0,108.0,19.13,4.0,51.0,26,12.0,16.0,False
3.0,0,0.0,1.0,0.0,0.0,1.0,1.0,0.0,1.0,0.0,3,1.0,0.0,False
6.0,2,302.05,10.0,13.87,64.73,3.0,17.0,4.67,2.0,7.0,5,8.0,6.0,False
34.0,19,17452.01,108.0,60.39,1026.58,11.0,176.0,17.0,6.0,68.0,34,19.0,38.0,False
63.0,31,101875.76,209.0,54.85,2363.92,39.0,375.0,43.1,20.0,166.0,60,27.0,52.0,False
22.0,9,11613.09,57.0,26.56,555.41,7.0,103.0,20.91,4.0,46.0,21,20.0,22.0,False
11.0,4,5116.45,36.0,19.04,312.11,3.0,63.0,16.39,2.0,27.0,11,17.0,14.0,False
49.0,20,47629.26,138.0,49.49,1535.28,11.0,254.0,31.02,6.0,116.0,49,23.0,43.0,False
8.0,2,871.99,17.0,19.62,130.8,3.0,32.0,6.67,2.0,15.0,8,8.0,9.0,False
13.0,2,7768.18,49.0,22.29,416.15,5.0,84.0,18.67,3.0,35.0,13,16.0,15.0,False
20.0,2,1824.39,28.0,32.95,245.18,3.0,51.0,7.44,2.0,23.0,20,11.0,17.0,False
12.0,0,2024.0,24.0,16.73,184.0,3.0,46.0,11.0,2.0,22.0,12,8.0,8.0,False
4.0,0,858.37,18.0,12.17,102.19,3.0,25.0,8.4,2.0,7.0,4,12.0,5.0,False
5.0,1,302.05,10.0,13.87,64.73,3.0,17.0,4.67,2.0,7.0,4,8.0,6.0,False
29.0,15,11107.27,79.0,47.16,723.78,17.0,136.0,15.35,9.0,57.0,29,14.0,26.0,False
76.0,122,64529.21,185.0,69.75,2121.51,41.0,331.0,30.42,21.0,146.0,73,25.0,60.0,False
45.0,24,34042.1,112.0,44.23,1227.01,21.0,203.0,27.74,11.0,91.0,43,25.0,41.0,False
18.0,8,6090.14,48.0,32.47,444.68,5.0,83.0,13.7,3.0,35.0,18,18.0,23.0,False
12.0,5,1150.78,31.0,54.02,249.34,1.0,61.0,4.62,1.0,30.0,12,4.0,13.0,False
28.0,8,39528.58,105.0,22.75,948.29,13.0,177.0,41.68,7.0,72.0,26,22.0,19.0,False
20.0,2,1978.37,29.0,32.81,254.79,3.0,53.0,7.76,2.0,24.0,20,11.0,17.0,False
22.0,11,12578.53,88.0,49.13,786.16,1.0,144.0,16.0,1.0,56.0,22,16.0,28.0,False
8.0,1,523.51,14.0,17.31,95.18,3.0,25.0,5.5,2.0,11.0,7,7.0,7.0,False
12.0,1,688.28,17.0,19.12,114.71,3.0,31.0,6.0,2.0,14.0,11,6.0,7.0,False
4.0,0,49.13,5.0,7.86,19.65,1.0,7.0,2.5,1.0,2.0,4,5.0,2.0,False
46.0,13,56084.29,124.0,30.87,1315.88,26.0,221.0,42.62,14.0,97.0,45,29.0,33.0,False
17.0,10,4729.74,43.0,29.64,374.44,5.0,73.0,12.63,3.0,30.0,17,16.0,19.0,False
76.0,41,133660.73,260.0,67.09,2994.64,31.0,466.0,44.63,16.0,206.0,73,26.0,60.0,False
11.0,6,1852.4,27.0,19.49,189.99,9.0,42.0,9.75,5.0,15.0,10,13.0,10.0,False
5.0,2,392.28,13.0,12.4,69.74,1.0,22.0,5.63,1.0,9.0,5,5.0,4.0,False
22.0,12,8738.67,61.0,39.97,591.02,5.0,107.0,14.79,3.0,46.0,22,18.0,28.0,False
39.0,8,12381.56,77.0,49.03,779.11,11.0,133.0,15.89,6.0,56.0,39,21.0,37.0,False
29.0,14,11107.27,79.0,47.16,723.78,17.0,136.0,15.35,9.0,57.0,29,14.0,26.0,False
14.0,7,2280.63,28.0,22.43,226.18,3.0,50.0,10.08,2.0,22.0,14,11.0,12.0,False
14.0,3,1569.62,23.0,20.9,181.11,5.0,39.0,8.67,3.0,16.0,14,13.0,12.0,False
14.0,4,4027.55,52.0,38.45,393.5,1.0,81.0,10.24,1.0,29.0,14,12.0,17.0,False
20.0,0,6264.19,47.0,32.45,450.83,5.0,91.0,13.89,3.0,44.0,19,12.0,19.0,False
20.0,7,4903.83,46.0,27.46,366.95,5.0,88.0,13.36,3.0,42.0,17,7.0,11.0,False
33.0,1,52659.86,128.0,34.0,1338.0,15.0,223.0,39.36,9.0,95.0,28,29.0,35.0,False
20.0,5,2176.33,57.0,76.51,408.06,1.0,89.0,5.33,1.0,32.0,20,6.0,18.0,False
17.0,10,4729.74,43.0,29.64,374.44,5.0,73.0,12.63,3.0,30.0,17,16.0,19.0,False
15.0,5,2040.35,32.0,28.92,242.9,4.0,50.0,8.4,3.0,18.0,14,14.0,15.0,False
15.0,5,3507.79,36.0,26.52,305.03,5.0,59.0,11.5,3.0,23.0,15,18.0,18.0,False
39.0,8,12381.56,77.0,49.03,779.11,11.0,133.0,15.89,6.0,56.0,39,21.0,37.0,False
42.0,27,22027.09,78.0,26.19,759.55,19.0,136.0,29.0,11.0,58.0,38,24.0,24.0,False
11.0,7,1123.32,21.0,22.92,160.47,3.0,35.0,7.0,2.0,14.0,11,12.0,12.0,False
22.0,10,7213.92,62.0,48.47,591.3,5.0,123.0,12.2,3.0,61.0,22,8.0,20.0,False
13.0,5,3189.17,46.0,62.09,445.0,1.0,89.0,7.17,1.0,43.0,13,8.0,24.0,False
7.0,1,226.54,10.0,18.49,64.73,1.0,17.0,3.5,1.0,7.0,7,7.0,7.0,False
8.0,0,2723.1,24.0,9.42,160.18,5.0,41.0,17.0,3.0,17.0,8,10.0,5.0,False
10.0,1,3685.14,29.0,14.4,230.32,9.0,49.0,16.0,5.0,20.0,10,16.0,10.0,False
0.0,0,0.0,1.0,0.0,0.0,1.0,1.0,0.0,1.0,0.0,0,1.0,0.0,False
88.0,9,139298.89,270.0,69.41,3109.35,59.0,466.0,44.8,34.0,196.0,88,32.0,70.0,False
17.0,10,4951.8,43.0,27.85,371.38,5.0,73.0,13.33,3.0,30.0,17,16.0,18.0,False
10.0,1,1213.88,22.0,22.95,166.91,5.0,38.0,7.27,3.0,16.0,8,10.0,11.0,False
12.0,7,2687.08,29.0,19.74,230.32,5.0,49.0,11.67,3.0,20.0,12,14.0,12.0,False
15.0,5,3507.79,36.0,26.52,305.03,5.0,59.0,11.5,3.0,23.0,15,18.0,18.0,False
11.0,4,5116.45,36.0,19.04,312.11,3.0,63.0,16.39,2.0,27.0,11,17.0,14.0,False
84.0,57,71132.77,154.0,34.47,1565.82,23.0,260.0,45.43,14.0,106.0,82,30.0,35.0,False
19.0,11,6067.94,52.0,35.9,466.76,7.0,91.0,13.0,4.0,39.0,19,14.0,21.0,False
20.0,6,3587.39,40.0,26.63,309.07,6.0,65.0,11.61,4.0,25.0,18,13.0,14.0,False
91.0,21,110234.42,207.0,48.01,2300.54,16.0,382.0,47.92,15.0,175.0,90,23.0,42.0,False
5.0,2,150.57,8.0,16.73,50.19,1.0,14.0,3.0,1.0,6.0,5,6.0,6.0,False
10.0,2,2118.25,35.0,45.89,311.78,3.0,68.0,6.79,2.0,33.0,10,7.0,17.0,False
48.0,11,24477.25,107.0,59.96,1211.5,9.0,197.0,20.2,5.0,90.0,48,22.0,49.0,False
10.0,1,2038.87,20.0,12.54,159.91,5.0,37.0,12.75,3.0,17.0,10,12.0,8.0,False
42.0,12,161452.64,279.0,46.29,2733.66,27.0,446.0,59.06,15.0,167.0,39,29.0,41.0,False
5.0,1,997.85,17.0,16.09,126.71,1.0,31.0,7.88,1.0,14.0,5,9.0,8.0,False
11.0,7,1123.32,21.0,22.92,160.47,3.0,35.0,7.0,2.0,14.0,11,12.0,12.0,False
10.0,3,2416.01,20.0,9.15,148.68,5.0,35.0,16.25,3.0,15.0,10,13.0,6.0,False
3.0,1,39.3,4.0,9.83,19.65,1.0,7.0,2.0,1.0,3.0,3,4.0,3.0,False
13.0,7,7009.12,45.0,21.63,389.4,3.0,81.0,18.0,2.0,36.0,13,14.0,14.0,False
83.0,32,82648.01,183.0,53.86,2109.85,39.0,325.0,39.17,20.0,142.0,80,32.0,58.0,False
45.0,24,34042.1,112.0,44.23,1227.01,21.0,203.0,27.74,11.0,91.0,43,25.0,41.0,False
19.0,11,6067.94,52.0,35.9,466.76,7.0,91.0,13.0,4.0,39.0,19,14.0,21.0,False
7.0,3,232.47,9.0,13.18,55.35,1.0,16.0,4.2,1.0,7.0,7,6.0,5.0,False
13.0,3,6802.76,56.0,34.58,485.0,3.0,97.0,14.03,2.0,41.0,11,13.0,19.0,False
13.0,1,2803.1,40.0,35.51,315.5,1.0,73.0,8.88,1.0,33.0,13,7.0,13.0,False
0.0,0,0.0,1.0,0.0,0.0,1.0,1.0,0.0,1.0,0.0,0,1.0,0.0,False
20.0,0,32955.41,92.0,17.14,751.61,9.0,149.0,43.85,5.0,57.0,20,20.0,13.0,False
11.0,7,1123.32,21.0,22.92,160.47,3.0,35.0,7.0,2.0,14.0,11,12.0,12.0,False
7.0,8,1901.65,22.0,15.72,172.88,5.0,40.0,11.0,3.0,18.0,6,11.0,9.0,False
3.0,1,39.3,4.0,9.83,19.65,1.0,7.0,2.0,1.0,3.0,3,4.0,3.0,False
7.0,4,416.75,16.0,29.64,111.13,1.0,31.0,3.75,1.0,15.0,7,4.0,8.0,False
83.0,32,85440.05,183.0,52.36,2115.03,39.0,325.0,40.4,20.0,142.0,80,33.0,58.0,False
22.0,12,8738.67,61.0,39.97,591.02,5.0,107.0,14.79,3.0,46.0,22,18.0,28.0,False
13.0,8,2820.11,32.0,26.31,272.4,3.0,54.0,10.35,2.0,22.0,13,16.0,17.0,False
7.0,0,513.33,15.0,15.09,88.0,3.0,22.0,5.83,2.0,7.0,6,10.0,6.0,False
51.0,9,11081.65,82.0,54.24,775.26,15.0,136.0,14.29,8.0,54.0,51,18.0,34.0,False
5.0,0,174.4,9.0,12.4,46.51,1.0,14.0,3.75,1.0,5.0,4,6.0,4.0,False
18.0,3,19238.64,70.0,25.26,697.17,15.0,131.0,27.6,8.0,61.0,18,19.0,21.0,False
4.0,0,2081.48,31.0,20.81,208.15,1.0,49.0,10.0,1.0,18.0,4,10.0,9.0,False
20.0,13,6322.3,50.0,32.68,454.54,7.0,86.0,13.91,4.0,36.0,20,17.0,22.0,False
15.0,28,6498.36,44.0,21.22,371.33,13.0,79.0,17.5,7.0,35.0,13,13.0,13.0,False
3.0,1,39.3,4.0,9.83,19.65,1.0,7.0,2.0,1.0,3.0,3,4.0,3.0,False
35.0,8,17485.4,109.0,100.04,1322.61,3.0,213.0,13.22,2.0,104.0,35,15.0,59.0,False
3.0,0,90.0,5.0,8.1,27.0,1.0,9.0,3.33,1.0,4.0,3,5.0,3.0,False
15.0,5,3507.79,36.0,26.52,305.03,5.0,59.0,11.5,3.0,23.0,15,18.0,18.0,False
17.0,5,8438.36,61.0,38.94,573.26,3.0,107.0,14.72,2.0,46.0,16,16.0,25.0,False
18.0,10,10535.84,84.0,40.19,650.74,13.0,124.0,16.19,7.0,40.0,16,17.0,21.0,False
61.0,18,99691.06,215.0,61.6,2478.2,19.0,392.0,40.23,10.0,177.0,60,25.0,55.0,False
10.0,1,19192.65,63.0,14.49,527.27,3.0,115.0,36.4,2.0,52.0,7,14.0,10.0,False
13.0,1,6258.43,39.0,15.39,310.34,7.0,61.0,20.17,4.0,22.0,13,22.0,12.0,False
6.0,0,184.37,10.0,22.59,64.53,1.0,18.0,2.86,1.0,8.0,6,5.0,7.0,False
22.0,13,7779.61,59.0,36.9,535.76,9.0,100.0,14.52,5.0,41.0,22,17.0,24.0,False
6.0,9,906.96,17.0,16.12,120.93,3.0,29.0,7.5,2.0,12.0,5,10.0,8.0,False
3.0,1,39.3,4.0,9.83,19.65,1.0,7.0,2.0,1.0,3.0,3,4.0,3.0,False
13.0,8,1873.26,27.0,24.36,213.62,3.0,46.0,8.77,2.0,19.0,13,12.0,13.0,False
3.0,0,39.3,4.0,9.83,19.65,1.0,7.0,2.0,1.0,3.0,3,4.0,3.0,False
15.0,5,3507.79,36.0,26.52,305.03,5.0,59.0,11.5,3.0,23.0,15,18.0,18.0,False
10.0,1,3343.58,27.0,13.06,208.97,9.0,45.0,16.0,5.0,18.0,10,16.0,9.0,False
10.0,1,515.71,14.0,14.33,85.95,1.0,22.0,6.0,1.0,8.0,10,9.0,6.0,False
141.0,16,413206.28,523.0,116.17,6928.42,110.0,951.0,59.64,57.0,428.0,135,34.0,122.0,False
22.0,12,7516.89,59.0,38.68,539.23,9.0,100.0,13.94,5.0,41.0,22,17.0,25.0,False
3.0,1,39.3,4.0,9.83,19.65,1.0,7.0,2.0,1.0,3.0,3,4.0,3.0,False
23.0,11,8311.04,61.0,33.12,524.62,13.0,104.0,15.84,7.0,43.0,23,14.0,19.0,False
5.0,1,348.9,12.0,19.0,81.41,1.0,22.0,4.29,1.0,10.0,5,6.0,7.0,False
83.0,32,82648.01,183.0,53.86,2109.85,39.0,325.0,39.17,20.0,142.0,80,32.0,58.0,False
40.0,10,66017.11,175.0,60.7,2001.81,12.0,330.0,32.98,7.0,155.0,40,20.0,47.0,False
21.0,1,8859.53,49.0,21.74,438.86,11.0,87.0,20.19,6.0,38.0,20,17.0,16.0,False
45.0,3,85502.74,171.0,49.15,2049.98,19.0,319.0,41.71,10.0,148.0,45,31.0,55.0,False
18.0,9,5091.75,46.0,29.33,386.43,11.0,78.0,13.18,6.0,32.0,18,14.0,17.0,False
5.0,2,135.0,7.0,6.67,30.0,1.0,10.0,4.5,1.0,3.0,5,6.0,2.0,False
20.0,11,6089.69,52.0,34.43,457.87,7.0,90.0,13.3,4.0,38.0,20,14.0,20.0,False
83.0,32,85440.05,183.0,52.36,2115.03,39.0,325.0,40.4,20.0,142.0,80,33.0,58.0,False
5.0,2,927.88,16.0,14.06,114.2,3.0,26.0,8.13,2.0,10.0,5,13.0,8.0,False
8.0,1,551.81,12.0,13.35,85.84,1.0,21.0,6.43,1.0,9.0,8,10.0,7.0,False
71.0,6,92377.54,216.0,61.49,2383.37,45.0,377.0,38.76,23.0,161.0,69,26.0,54.0,False
14.0,7,1385.31,29.0,33.52,215.49,5.0,47.0,6.43,3.0,18.0,14,10.0,14.0,False
5.0,2,135.0,7.0,6.67,30.0,1.0,10.0,4.5,1.0,3.0,5,6.0,2.0,False
20.0,12,5702.11,47.0,33.27,435.58,5.0,83.0,13.09,3.0,36.0,20,16.0,22.0,False
3.0,0,90.0,5.0,8.1,27.0,1.0,9.0,3.33,1.0,4.0,3,5.0,3.0,False
8.0,1,1824.64,19.0,8.8,126.71,7.0,31.0,14.4,4.0,12.0,8,12.0,5.0,False
14.0,5,10529.3,68.0,41.58,661.68,3.0,129.0,15.91,2.0,61.0,14,12.0,23.0,False
8.0,0,1686.86,25.0,15.94,164.0,1.0,41.0,10.29,1.0,16.0,7,9.0,7.0,False
3.0,1,2200.43,27.0,11.23,157.17,3.0,37.0,14.0,2.0,10.0,3,14.0,5.0,False
62.0,6,77553.76,177.0,50.27,1974.55,35.0,319.0,39.28,18.0,142.0,62,26.0,47.0,False
22.0,15,3004.05,43.0,45.57,370.0,5.0,74.0,8.11,3.0,31.0,22,11.0,21.0,False
5.0,2,183.06,8.0,6.64,34.87,1.0,11.0,5.25,1.0,3.0,5,7.0,2.0,False
3.0,0,39.3,4.0,9.83,19.65,1.0,7.0,2.0,1.0,3.0,3,4.0,3.0,False
10.0,3,2039.01,19.0,10.84,148.68,7.0,35.0,13.71,4.0,16.0,10,12.0,7.0,False
13.0,4,7052.69,52.0,33.42,485.51,3.0,98.0,14.53,2.0,46.0,13,12.0,19.0,False
5.0,0,641.91,15.0,11.41,85.59,1.0,27.0,7.5,1.0,12.0,4,5.0,4.0,False
35.0,7,50005.31,122.0,34.15,1306.85,31.0,217.0,38.26,16.0,95.0,28,29.0,36.0,False
12.0,0,3438.37,35.0,20.88,267.93,1.0,57.0,12.83,1.0,22.0,12,14.0,12.0,False
12.0,8,1141.33,24.0,30.96,187.98,3.0,41.0,6.07,2.0,17.0,12,10.0,14.0,False
41.0,11,22710.3,102.0,44.18,1001.71,17.0,171.0,22.67,11.0,69.0,34,23.0,35.0,False
14.0,8,2692.01,34.0,31.25,290.05,3.0,61.0,9.28,2.0,27.0,14,11.0,16.0,False
18.0,3,6794.05,59.0,49.05,577.27,1.0,110.0,11.77,1.0,51.0,16,12.0,26.0,False
5.0,1,196.76,8.0,10.28,44.97,1.0,13.0,4.38,1.0,5.0,5,7.0,4.0,False
26.0,7,19332.36,70.0,19.28,610.5,13.0,120.0,31.67,7.0,50.0,21,19.0,15.0,False
11.0,4,1915.2,29.0,27.14,228.0,1.0,57.0,8.4,1.0,28.0,11,6.0,10.0,False
19.0,1,13541.31,59.0,19.04,507.8,17.0,99.0,26.67,9.0,40.0,19,20.0,15.0,False
6.0,1,431.59,14.0,21.31,95.91,3.0,23.0,4.5,2.0,9.0,6,9.0,9.0,False
5.0,2,135.0,7.0,6.67,30.0,1.0,10.0,4.5,1.0,3.0,5,6.0,2.0,False
9.0,6,1346.14,20.0,18.88,159.41,3.0,39.0,8.44,2.0,19.0,9,8.0,9.0,False
8.0,1,369.2,11.0,13.4,70.32,3.0,18.0,5.25,2.0,7.0,8,9.0,6.0,False
83.0,34,305254.16,376.0,73.28,4729.73,23.0,703.0,64.54,13.0,327.0,83,30.0,76.0,False
10.0,2,3299.03,29.0,16.12,230.7,7.0,51.0,14.3,4.0,22.0,10,13.0,10.0,False
140.0,7,272550.45,494.0,170.88,6824.42,85.0,920.0,39.94,43.0,426.0,136,27.0,144.0,False
5.0,2,135.0,7.0,6.67,30.0,1.0,10.0,4.5,1.0,3.0,5,6.0,2.0,False
22.0,14,3004.05,43.0,45.57,370.0,5.0,74.0,8.11,3.0,31.0,22,11.0,21.0,False
21.0,9,10953.53,53.0,19.63,463.64,9.0,89.0,23.63,5.0,36.0,19,21.0,16.0,False
22.0,10,4487.33,47.0,49.53,471.46,3.0,88.0,9.52,2.0,41.0,22,13.0,28.0,False
13.0,2,14758.99,45.0,7.8,339.29,13.0,74.0,43.5,7.0,29.0,13,18.0,6.0,False
4.0,0,717.43,22.0,21.43,124.0,1.0,31.0,5.79,1.0,9.0,4,9.0,7.0,False
12.0,4,4760.62,42.0,31.09,384.7,5.0,75.0,12.37,3.0,33.0,11,15.0,20.0,False
12.0,8,1141.33,24.0,30.96,187.98,3.0,41.0,6.07,2.0,17.0,12,10.0,14.0,False
18.0,3,6794.05,59.0,49.05,577.27,1.0,110.0,11.77,1.0,51.0,16,12.0,26.0,False
43.0,17,41377.61,146.0,53.96,1494.19,25.0,254.0,27.69,13.0,108.0,43,20.0,39.0,False
5.0,1,124.54,7.0,13.84,41.51,1.0,12.0,3.0,1.0,5.0,5,6.0,5.0,False
3.0,0,85.59,6.0,9.51,28.53,1.0,9.0,3.0,1.0,3.0,3,6.0,3.0,False
7.0,0,861.74,14.0,8.41,85.11,3.0,23.0,10.13,2.0,9.0,7,9.0,4.0,False
5.0,1,449.97,11.0,10.99,70.31,3.0,19.0,6.4,2.0,8.0,5,8.0,5.0,False
13.0,0,779.34,20.0,23.35,134.89,1.0,33.0,5.78,1.0,13.0,13,8.0,9.0,False
15.0,9,3513.94,37.0,25.82,301.19,5.0,62.0,11.67,3.0,25.0,15,14.0,15.0,False
7.0,4,449.4,14.0,20.85,96.79,1.0,27.0,4.64,1.0,13.0,7,5.0,7.0,False
36.0,60,6688.01,62.0,49.14,573.26,10.0,107.0,11.67,6.0,45.0,32,14.0,27.0,False
7.0,4,593.95,14.0,16.5,98.99,3.0,26.0,6.0,2.0,12.0,7,7.0,7.0,False
3.0,0,12.0,3.0,5.33,8.0,1.0,4.0,1.5,1.0,1.0,3,3.0,1.0,False
11.0,0,884.62,28.0,59.46,229.35,1.0,55.0,3.86,1.0,27.0,11,4.0,14.0,False
19.0,1,5469.43,39.0,21.36,341.84,11.0,69.0,16.0,6.0,30.0,18,16.0,15.0,False
63.0,1,139356.3,289.0,51.11,2668.83,84.0,450.0,52.22,47.0,161.0,62,24.0,37.0,False
8.0,0,380.74,19.0,23.8,95.18,1.0,25.0,4.0,1.0,6.0,8,8.0,6.0,False
3.0,2,49.13,5.0,7.86,19.65,1.0,7.0,2.5,1.0,2.0,3,5.0,2.0,False
33.0,24,25572.65,95.0,30.45,882.42,7.0,158.0,28.98,4.0,63.0,31,23.0,25.0,False
10.0,3,1265.83,15.0,8.79,105.49,3.0,27.0,12.0,2.0,12.0,10,10.0,5.0,False
3.0,0,17.41,3.0,7.74,11.61,1.0,5.0,1.5,1.0,2.0,3,3.0,2.0,False
5.0,0,322.65,9.0,8.96,53.77,1.0,15.0,6.0,1.0,6.0,5,8.0,4.0,False
9.0,2,1355.12,19.0,7.44,100.38,7.0,28.0,13.5,4.0,9.0,9,9.0,3.0,False
82.0,3,100348.96,252.0,83.45,2893.83,51.0,448.0,34.68,26.0,196.0,82,23.0,65.0,False
15.0,8,3033.33,34.0,29.67,300.0,5.0,60.0,10.11,3.0,26.0,15,14.0,18.0,False
6.0,0,666.08,12.0,8.22,74.01,1.0,20.0,9.0,1.0,8.0,6,9.0,4.0,False
12.0,6,1909.77,25.0,19.81,194.51,3.0,43.0,9.82,2.0,18.0,12,12.0,11.0,False
24.0,2,20327.14,50.0,10.04,451.71,15.0,95.0,45.0,8.0,45.0,24,18.0,9.0,False
6.0,1,305.12,14.0,17.3,72.65,5.0,21.0,4.2,3.0,7.0,6,6.0,5.0,False
144.0,10,212710.32,423.0,129.08,5239.94,49.0,751.0,40.59,25.0,328.0,142,25.0,101.0,False
61.0,26,53973.44,201.0,87.87,2177.73,21.0,359.0,24.78,11.0,158.0,61,16.0,51.0,False
10.0,3,2344.27,31.0,27.77,255.16,5.0,52.0,9.19,3.0,21.0,9,14.0,16.0,False
15.0,8,3033.33,34.0,29.67,300.0,5.0,60.0,10.11,3.0,26.0,15,14.0,18.0,False
7.0,7,449.4,14.0,20.85,96.79,1.0,27.0,4.64,1.0,13.0,7,5.0,7.0,False
7.0,4,449.4,14.0,20.85,96.79,1.0,27.0,4.64,1.0,13.0,7,5.0,7.0,False
32.0,11,30303.94,96.0,34.46,1021.88,13.0,182.0,29.66,7.0,86.0,32,20.0,29.0,False
20.0,5,27034.74,75.0,17.47,687.32,11.0,134.0,39.33,7.0,59.0,20,20.0,15.0,False
4.0,0,302.3,7.0,6.17,43.19,3.0,13.0,7.0,2.0,6.0,4,7.0,3.0,False
7.0,0,1191.72,25.0,23.57,167.59,13.0,41.0,7.11,7.0,16.0,7,8.0,9.0,False
10.0,3,2344.27,31.0,27.77,255.16,5.0,52.0,9.19,3.0,21.0,9,14.0,16.0,False
6.0,0,150.57,8.0,16.73,50.19,1.0,14.0,3.0,1.0,6.0,6,6.0,6.0,False
14.0,0,4494.57,30.0,13.04,242.13,7.0,57.0,18.56,4.0,27.0,14,11.0,8.0,False
7.0,1,1210.0,14.0,8.26,100.0,3.0,25.0,12.1,2.0,11.0,7,11.0,5.0,False
14.0,9,12465.06,104.0,68.21,922.07,1.0,177.0,13.52,1.0,73.0,14,10.0,27.0,False
23.0,8,15650.23,97.0,46.99,857.55,1.0,170.0,18.25,1.0,73.0,23,11.0,22.0,False
6.0,0,666.08,12.0,8.22,74.01,1.0,20.0,9.0,1.0,8.0,6,9.0,4.0,False
39.0,15,43734.03,161.0,69.33,1741.26,9.0,296.0,25.12,5.0,135.0,39,16.0,43.0,False
6.0,0,150.57,8.0,16.73,50.19,1.0,14.0,3.0,1.0,6.0,6,6.0,6.0,False
7.0,2,445.39,11.0,12.37,74.23,1.0,19.0,6.0,1.0,8.0,7,9.0,6.0,False
70.0,18,143728.13,224.0,45.8,2565.64,27.0,407.0,56.02,16.0,183.0,68,30.0,49.0,False
23.0,8,17204.16,93.0,37.39,802.06,1.0,159.0,21.45,1.0,66.0,23,13.0,20.0,False
72.0,23,108344.7,234.0,67.01,2694.44,51.0,425.0,40.21,26.0,191.0,72,24.0,57.0,False
22.0,3,4258.52,81.0,187.8,894.29,1.0,161.0,4.76,1.0,80.0,22,5.0,42.0,False
7.0,7,449.4,14.0,20.85,96.79,1.0,27.0,4.64,1.0,13.0,7,5.0,7.0,False
9.0,4,2301.8,25.0,17.4,200.16,3.0,48.0,11.5,2.0,23.0,9,9.0,9.0,False
83.0,15,79066.26,258.0,105.63,2889.94,25.0,443.0,27.36,13.0,185.0,81,21.0,71.0,False
6.0,0,150.57,8.0,16.73,50.19,1.0,14.0,3.0,1.0,6.0,6,6.0,6.0,False
9.0,0,742.59,16.0,22.64,129.66,5.0,30.0,5.73,3.0,14.0,8,9.0,11.0,False
20.0,1,36831.07,157.0,49.57,1351.14,3.0,249.0,27.26,2.0,92.0,20,16.0,27.0,False
8.0,2,2497.28,32.0,24.97,249.73,1.0,56.0,10.0,1.0,24.0,8,10.0,12.0,False
22.0,9,15809.6,84.0,42.2,816.83,15.0,144.0,19.35,8.0,60.0,22,20.0,31.0,False
18.0,3,6418.99,53.0,32.36,455.79,9.0,92.0,14.08,5.0,39.0,18,13.0,18.0,False
6.0,0,150.57,8.0,16.73,50.19,1.0,14.0,3.0,1.0,6.0,6,6.0,6.0,False
6.0,2,460.0,13.0,18.4,92.0,1.0,23.0,5.0,1.0,10.0,6,8.0,8.0,False
8.0,0,2336.0,24.0,17.66,203.13,5.0,47.0,11.5,3.0,23.0,8,10.0,10.0,False
0.0,0,0.0,1.0,0.0,0.0,1.0,1.0,0.0,1.0,0.0,0,1.0,0.0,False
10.0,1,1734.69,19.0,10.26,133.44,5.0,32.0,13.0,3.0,13.0,10,12.0,6.0,False
11.0,3,4501.39,47.0,32.95,385.15,1.0,81.0,11.69,1.0,34.0,11,11.0,16.0,False
13.0,6,1899.9,34.0,44.12,289.51,1.0,64.0,6.56,1.0,30.0,13,7.0,16.0,False
21.0,4,12206.72,93.0,59.67,853.44,9.0,152.0,14.3,5.0,59.0,21,16.0,33.0,False
5.0,0,150.57,8.0,16.73,50.19,1.0,14.0,3.0,1.0,6.0,5,6.0,6.0,False
7.0,0,2336.0,24.0,17.66,203.13,5.0,47.0,11.5,3.0,23.0,7,10.0,10.0,False
5.0,0,1623.23,22.0,15.88,160.54,5.0,36.0,10.11,3.0,14.0,5,13.0,9.0,False
8.0,1,2375.83,21.0,10.76,159.91,5.0,37.0,14.86,3.0,16.0,8,13.0,7.0,False
11.0,3,3933.35,44.0,32.5,357.58,1.0,77.0,11.0,1.0,33.0,11,10.0,15.0,False
22.0,3,4258.52,81.0,187.8,894.29,1.0,161.0,4.76,1.0,80.0,22,5.0,42.0,False
5.0,0,124.54,7.0,13.84,41.51,1.0,12.0,3.0,1.0,5.0,5,6.0,5.0,False
69.0,0,707027.78,495.0,46.69,5745.45,97.0,1018.0,123.06,49.0,523.0,69,16.0,34.0,False
16.0,0,15025.45,51.0,11.89,422.59,5.0,91.0,35.56,1.0,40.0,13,16.0,9.0,False
25.0,10,11526.14,82.0,49.56,755.81,7.0,143.0,15.25,4.0,61.0,22,13.0,26.0,False
54.0,35,38477.07,141.0,63.17,1558.98,15.0,257.0,24.68,8.0,116.0,52,20.0,47.0,False
5.0,2,254.27,8.0,9.23,48.43,1.0,14.0,5.25,1.0,6.0,5,7.0,4.0,False
6.0,0,813.14,17.0,19.25,125.1,5.0,30.0,6.5,3.0,13.0,6,9.0,9.0,False
50.0,1,154273.13,213.0,35.67,2345.67,36.0,384.0,65.77,21.0,171.0,49,30.0,39.0,False
7.0,4,1588.72,18.0,13.13,144.43,5.0,34.0,11.0,3.0,16.0,7,11.0,8.0,False
20.0,10,4092.01,46.0,37.83,393.46,7.0,78.0,10.4,4.0,32.0,20,13.0,20.0,False
18.0,5,4923.53,41.0,26.32,360.0,9.0,72.0,13.68,5.0,31.0,15,15.0,17.0,False
3.0,0,39.3,4.0,9.83,19.65,1.0,7.0,2.0,1.0,3.0,3,4.0,3.0,False
44.0,19,31928.52,138.0,63.87,1428.0,15.0,247.0,22.36,8.0,109.0,44,16.0,39.0,False
21.0,6,10701.74,80.0,39.65,651.41,5.0,126.0,16.43,3.0,46.0,21,15.0,21.0,False
6.0,0,177.62,9.0,19.74,59.21,1.0,16.0,3.0,1.0,7.0,6,6.0,7.0,False
19.0,4,9541.89,47.0,17.53,408.94,11.0,87.0,23.33,6.0,40.0,19,14.0,12.0,False
117.0,37,90416.52,328.0,111.77,3178.98,48.0,485.0,28.44,27.0,157.0,116,25.0,69.0,False
21.0,3,16545.99,75.0,37.88,791.67,15.0,141.0,20.9,8.0,66.0,21,19.0,30.0,False
5.0,0,124.54,7.0,13.84,41.51,1.0,12.0,3.0,1.0,5.0,5,6.0,5.0,False
8.0,0,3181.51,31.0,24.59,279.69,5.0,57.0,11.38,3.0,26.0,8,14.0,16.0,False
46.0,1,32937.0,111.0,29.35,983.19,16.0,178.0,33.5,12.0,67.0,41,23.0,23.0,False
32.0,9,15307.48,79.0,44.03,820.99,11.0,147.0,18.65,6.0,68.0,27,17.0,31.0,False
6.0,3,622.17,15.0,19.23,109.39,1.0,28.0,5.69,1.0,13.0,4,7.0,8.0,False
11.0,6,7728.55,74.0,50.42,624.23,1.0,126.0,12.38,1.0,52.0,11,10.0,21.0,False
81.0,32,85416.04,181.0,41.45,1881.71,24.0,304.0,45.39,19.0,123.0,80,31.0,42.0,False
15.0,2,4621.5,40.0,33.76,395.0,5.0,79.0,11.7,3.0,39.0,14,12.0,20.0,False
4.0,0,133.19,7.0,10.87,38.05,1.0,11.0,3.5,1.0,4.0,4,7.0,4.0,False
13.0,1,1136.92,25.0,35.93,202.12,5.0,43.0,5.63,3.0,18.0,13,10.0,16.0,False
9.0,5,1416.52,23.0,25.18,188.87,1.0,43.0,7.5,1.0,20.0,9,9.0,12.0,False
4.0,1,98.9,7.0,17.17,41.21,1.0,13.0,2.4,1.0,6.0,4,4.0,5.0,False
3.0,0,39.3,4.0,9.83,19.65,1.0,7.0,2.0,1.0,3.0,3,4.0,3.0,False
21.0,10,8869.57,49.0,21.11,432.66,9.0,90.0,20.5,5.0,41.0,19,14.0,14.0,False
9.0,0,1283.82,18.0,16.25,144.43,3.0,34.0,8.89,2.0,16.0,9,10.0,9.0,False
5.0,1,362.64,13.0,16.65,77.71,1.0,21.0,4.67,1.0,8.0,5,7.0,6.0,False
32.0,18,16303.48,85.0,39.43,801.81,9.0,146.0,20.33,5.0,61.0,28,18.0,27.0,False
13.0,5,3880.98,42.0,28.35,331.71,3.0,69.0,11.7,2.0,27.0,13,13.0,15.0,False
22.0,0,4852.71,43.0,33.56,403.55,11.0,80.0,12.02,6.0,37.0,22,13.0,20.0,False
4.0,0,200.76,10.0,12.55,50.19,1.0,14.0,4.0,1.0,4.0,4,8.0,4.0,False
15.0,4,5880.71,54.0,40.13,485.8,3.0,100.0,12.11,2.0,46.0,14,10.0,19.0,False
23.0,5,4063.55,42.0,29.28,344.92,13.0,71.0,11.78,7.0,29.0,23,13.0,16.0,False
4.0,0,860.05,23.0,22.02,137.61,1.0,33.0,6.25,1.0,10.0,4,10.0,8.0,False
33.0,9,51695.65,136.0,43.84,1505.5,11.0,257.0,34.34,6.0,121.0,33,21.0,37.0,False
17.0,2,3840.79,36.0,23.84,302.61,5.0,66.0,12.69,3.0,30.0,17,11.0,13.0,False
9.0,1,772.53,16.0,16.96,114.45,3.0,28.0,6.75,2.0,12.0,9,9.0,8.0,False
12.0,4,3081.09,32.0,21.4,256.76,5.0,56.0,12.0,3.0,24.0,11,12.0,12.0,False
16.0,7,4014.18,33.0,20.48,286.73,5.0,61.0,14.0,3.0,28.0,16,13.0,13.0,False
4.0,1,98.9,7.0,17.17,41.21,1.0,13.0,2.4,1.0,6.0,4,4.0,5.0,False
13.0,5,1928.85,25.0,17.83,185.47,7.0,41.0,10.4,4.0,16.0,13,13.0,10.0,False
22.0,6,15698.57,67.0,19.62,555.0,9.0,111.0,28.29,5.0,44.0,21,18.0,14.0,False
4.0,0,37.9,5.0,16.84,25.27,1.0,9.0,1.5,1.0,4.0,4,3.0,4.0,False
12.0,1,2207.86,24.0,14.42,178.41,5.0,42.0,12.38,3.0,18.0,12,11.0,8.0,False
12.0,3,6102.12,49.0,38.44,484.3,3.0,91.0,12.6,2.0,42.0,12,15.0,25.0,False
6.0,0,544.91,11.0,8.51,68.11,1.0,19.0,8.0,1.0,8.0,6,8.0,4.0,False
3.0,0,109.62,7.0,12.18,36.54,1.0,11.0,3.0,1.0,4.0,3,6.0,4.0,False
6.0,1,151.35,8.0,17.79,51.89,1.0,15.0,2.92,1.0,7.0,6,5.0,6.0,False
11.0,2,3192.0,24.0,7.24,152.0,9.0,38.0,21.0,5.0,14.0,11,12.0,4.0,False
3.0,0,39.3,4.0,9.83,19.65,1.0,7.0,2.0,1.0,3.0,3,4.0,3.0,False
23.0,5,4063.55,42.0,29.28,344.92,13.0,71.0,11.78,7.0,29.0,23,13.0,16.0,False
15.0,8,3033.33,34.0,29.67,300.0,5.0,60.0,10.11,3.0,26.0,15,14.0,18.0,False
12.0,5,5849.31,45.0,23.58,371.38,7.0,73.0,15.75,4.0,28.0,12,18.0,16.0,False
27.0,1,7291.52,42.0,18.92,371.38,13.0,73.0,19.63,7.0,31.0,27,19.0,15.0,False
10.0,1,683.19,17.0,16.53,106.27,1.0,26.0,6.43,1.0,9.0,10,10.0,7.0,False
34.0,8,27225.87,131.0,49.99,1166.58,14.0,200.0,23.34,9.0,69.0,25,23.0,34.0,False
21.0,4,2966.84,37.0,25.84,276.9,7.0,57.0,10.71,4.0,20.0,21,15.0,14.0,False
17.0,1,5614.18,39.0,19.85,333.82,3.0,76.0,16.82,2.0,37.0,17,10.0,11.0,False
24.0,2,5483.42,52.0,31.58,416.15,11.0,84.0,13.18,6.0,32.0,23,14.0,17.0,False
3.0,1,17.41,3.0,7.74,11.61,1.0,5.0,1.5,1.0,2.0,3,3.0,2.0,False
16.0,7,4014.18,33.0,20.48,286.73,5.0,61.0,14.0,3.0,28.0,16,13.0,13.0,False
14.0,7,1138.41,23.0,28.81,181.11,5.0,39.0,6.29,3.0,16.0,14,11.0,14.0,False
12.0,3,733.44,18.0,19.16,118.54,3.0,29.0,6.19,2.0,11.0,12,9.0,8.0,False
17.0,4,14896.06,89.0,27.97,645.5,3.0,139.0,23.08,2.0,50.0,17,12.0,13.0,False
10.0,1,1641.91,27.0,18.68,175.14,1.0,42.0,9.38,1.0,15.0,10,10.0,8.0,False
14.0,9,3332.3,35.0,34.4,338.58,5.0,69.0,9.84,3.0,34.0,14,11.0,19.0,False
6.0,0,544.91,11.0,8.51,68.11,1.0,19.0,8.0,1.0,8.0,6,8.0,4.0,False
14.0,7,6009.19,50.0,21.63,360.55,7.0,75.0,16.67,4.0,25.0,14,16.0,12.0,False
17.0,1,1099.18,22.0,21.5,153.73,5.0,35.0,7.15,3.0,13.0,17,11.0,10.0,False
16.0,2,4011.84,45.0,25.68,320.95,3.0,70.0,12.5,2.0,25.0,16,12.0,12.0,False
19.0,5,5061.8,37.0,19.77,316.36,5.0,69.0,16.0,3.0,32.0,17,12.0,12.0,False
3.0,1,99.85,7.0,8.15,28.53,1.0,9.0,3.5,1.0,2.0,3,7.0,2.0,False
15.0,1,3251.67,45.0,29.97,312.16,1.0,70.0,10.42,1.0,25.0,15,10.0,12.0,False
20.0,2,8909.79,60.0,39.02,589.62,5.0,108.0,15.11,3.0,48.0,19,17.0,27.0,False
10.0,5,3676.73,42.0,30.56,335.2,1.0,69.0,10.97,1.0,27.0,10,13.0,16.0,False
7.0,1,1308.36,18.0,14.12,135.93,7.0,32.0,9.63,4.0,14.0,7,11.0,8.0,False
18.0,2,5076.47,54.0,30.71,394.84,3.0,84.0,12.86,2.0,30.0,18,12.0,14.0,False
6.0,1,855.74,15.0,15.91,116.69,1.0,27.0,7.33,1.0,12.0,6,11.0,9.0,False
11.0,0,4949.88,34.0,16.86,288.85,9.0,63.0,17.14,5.0,29.0,10,13.0,11.0,False
12.0,2,1274.38,21.0,18.35,152.93,5.0,36.0,8.33,3.0,15.0,12,10.0,9.0,False
7.0,1,1529.25,20.0,18.88,169.92,5.0,40.0,9.0,3.0,20.0,7,9.0,10.0,False
11.0,2,1274.38,21.0,18.35,152.93,5.0,36.0,8.33,3.0,15.0,11,10.0,9.0,False
12.0,1,3076.44,29.0,18.68,239.72,7.0,51.0,12.83,4.0,22.0,12,14.0,12.0,False
11.0,2,1623.78,22.0,14.55,153.73,3.0,35.0,10.56,2.0,13.0,10,13.0,8.0,False
19.0,5,5061.8,37.0,19.77,316.36,5.0,69.0,16.0,3.0,32.0,17,12.0,12.0,False
199.0,16,398853.5,567.0,129.4,7184.21,115.0,1079.0,55.52,58.0,512.0,199,18.0,83.0,False
23.0,1,15285.15,73.0,23.89,604.3,11.0,116.0,25.29,6.0,43.0,23,20.0,17.0,False
13.0,2,3078.75,34.0,27.6,291.48,7.0,60.0,10.56,4.0,26.0,12,13.0,16.0,False
11.0,2,1925.68,22.0,14.15,165.06,3.0,36.0,11.67,2.0,14.0,10,15.0,9.0,False
3.0,3,12.0,3.0,5.33,8.0,1.0,4.0,1.5,1.0,1.0,3,3.0,1.0,False
4.0,0,17.41,3.0,7.74,11.61,1.0,5.0,1.5,1.0,2.0,4,3.0,2.0,False
45.0,3,35782.13,125.0,49.36,1329.05,23.0,225.0,26.92,12.0,100.0,45,21.0,39.0,False
11.0,2,4837.38,46.0,38.38,430.86,1.0,84.0,11.23,1.0,38.0,11,13.0,22.0,False
7.0,8,240.0,13.0,38.4,96.0,1.0,24.0,2.5,1.0,11.0,7,5.0,11.0,False
3.0,2,12.0,3.0,5.33,8.0,1.0,4.0,1.5,1.0,1.0,3,3.0,1.0,False
39.0,6,9407.91,75.0,65.33,783.99,11.0,135.0,12.0,6.0,60.0,39,16.0,40.0,False
6.0,0,613.03,10.0,7.57,68.11,3.0,19.0,9.0,2.0,9.0,6,8.0,4.0,False
10.0,1,515.71,14.0,14.33,85.95,1.0,22.0,6.0,1.0,8.0,10,9.0,6.0,False
11.0,1,4947.97,42.0,28.49,375.46,7.0,83.0,13.18,4.0,41.0,11,9.0,14.0,False
7.0,7,257.85,13.0,34.1,93.77,1.0,24.0,2.75,1.0,11.0,7,5.0,10.0,False
13.0,0,7115.55,33.0,9.76,263.54,5.0,60.0,27.0,3.0,27.0,12,14.0,7.0,False
6.0,0,875.14,20.0,13.67,109.39,5.0,28.0,8.0,3.0,8.0,6,10.0,5.0,False
11.0,3,8637.06,42.0,15.17,361.93,9.0,77.0,23.86,5.0,35.0,11,15.0,11.0,False
45.0,7,5645.08,108.0,260.82,1213.43,1.0,215.0,4.65,1.0,107.0,45,4.0,46.0,False
7.0,0,2401.13,21.0,13.51,180.09,5.0,41.0,13.33,3.0,20.0,7,12.0,9.0,False
11.0,1,6826.47,42.0,15.48,325.07,15.0,70.0,21.0,8.0,28.0,11,15.0,10.0,False
6.0,0,1168.18,18.0,16.82,140.18,3.0,33.0,8.33,2.0,15.0,6,10.0,9.0,False
22.0,2,9828.72,49.0,15.12,385.44,15.0,83.0,25.5,8.0,34.0,22,15.0,10.0,False
7.0,0,2472.31,23.0,15.57,196.21,5.0,44.0,12.6,3.0,21.0,7,12.0,10.0,False
8.0,1,3799.3,31.0,8.51,179.85,13.0,44.0,21.12,7.0,13.0,8,13.0,4.0,False
7.0,0,1168.18,18.0,16.82,140.18,3.0,33.0,8.33,2.0,15.0,7,10.0,9.0,False
7.0,1,580.17,13.0,12.73,85.95,1.0,22.0,6.75,1.0,9.0,7,9.0,6.0,False
4.0,0,85.59,6.0,9.51,28.53,1.0,9.0,3.0,1.0,3.0,4,6.0,3.0,False
31.0,9,24335.63,122.0,67.6,1282.6,1.0,225.0,18.97,1.0,103.0,31,14.0,38.0,False
14.0,4,2472.31,23.0,15.57,196.21,5.0,44.0,12.6,3.0,21.0,14,12.0,10.0,False
14.0,0,5659.53,35.0,16.89,309.13,11.0,63.0,18.31,6.0,28.0,14,17.0,13.0,False
6.0,1,1027.99,19.0,10.28,102.8,7.0,27.0,10.0,4.0,8.0,6,10.0,4.0,False
10.0,4,550.43,17.0,34.4,137.61,3.0,33.0,4.0,2.0,16.0,10,6.0,12.0,False
6.0,2,290.59,10.0,10.54,55.35,1.0,16.0,5.25,1.0,6.0,5,7.0,4.0,False
12.0,0,6557.23,35.0,15.35,317.29,7.0,66.0,20.67,4.0,31.0,12,16.0,12.0,False
9.0,1,3415.17,31.0,10.31,187.65,11.0,45.0,18.2,6.0,14.0,9,13.0,5.0,False
20.0,2,9073.67,53.0,25.13,477.56,13.0,91.0,19.0,7.0,38.0,20,19.0,19.0,False
3.0,0,17.41,3.0,7.74,11.61,1.0,5.0,1.5,1.0,2.0,3,3.0,2.0,False
17.0,1,20489.85,58.0,12.97,515.47,13.0,111.0,39.75,7.0,53.0,17,15.0,10.0,False
5.0,1,630.0,12.0,11.2,84.0,3.0,21.0,7.5,2.0,9.0,5,10.0,6.0,False
6.0,0,890.92,14.0,11.86,102.8,3.0,27.0,8.67,2.0,13.0,6,8.0,6.0,False
12.0,0,6557.23,35.0,15.35,317.29,7.0,66.0,20.67,4.0,31.0,12,16.0,12.0,False
9.0,2,5718.84,32.0,10.61,246.35,11.0,57.0,23.21,6.0,25.0,9,13.0,7.0,False
28.0,2,7911.0,72.0,70.03,744.31,11.0,134.0,10.63,6.0,62.0,26,12.0,35.0,False
12.0,0,6557.23,35.0,15.35,317.29,7.0,66.0,20.67,4.0,31.0,12,16.0,12.0,False
11.0,1,4472.22,31.0,8.91,199.65,11.0,47.0,22.4,6.0,16.0,11,14.0,5.0,False
29.0,2,8745.73,74.0,65.97,759.55,9.0,136.0,11.51,5.0,62.0,24,13.0,35.0,False
14.0,4,2472.31,23.0,15.57,196.21,5.0,44.0,12.6,3.0,21.0,14,12.0,10.0,False
8.0,0,4824.58,31.0,13.02,250.63,9.0,59.0,19.25,5.0,28.0,8,11.0,8.0,False
11.0,2,6326.82,34.0,7.15,212.67,13.0,51.0,29.75,7.0,17.0,11,14.0,4.0,False
19.0,2,12903.06,72.0,36.07,682.23,13.0,130.0,18.91,7.0,58.0,19,15.0,23.0,False
12.0,5,1814.59,28.0,30.49,235.23,3.0,52.0,7.71,2.0,24.0,11,9.0,14.0,False
11.0,0,8126.06,36.0,11.3,303.07,13.0,69.0,26.81,7.0,33.0,11,13.0,8.0,False
27.0,3,59529.74,150.0,28.02,1291.45,37.0,238.0,46.1,19.0,88.0,27,22.0,21.0,False
30.0,7,10977.26,74.0,51.99,755.42,9.0,136.0,14.53,5.0,62.0,27,15.0,32.0,False
44.0,17,29690.28,105.0,33.95,1004.02,15.0,177.0,29.57,8.0,72.0,43,23.0,28.0,False
31.0,7,48033.42,115.0,29.83,1197.09,7.0,222.0,40.13,4.0,107.0,30,18.0,24.0,False
7.0,1,844.8,16.0,10.91,96.0,5.0,24.0,8.8,3.0,8.0,7,11.0,5.0,False
4.0,0,365.51,10.0,12.85,68.53,1.0,18.0,5.33,1.0,8.0,4,8.0,6.0,False
7.0,2,2997.34,22.0,7.8,152.93,7.0,36.0,19.6,4.0,14.0,7,14.0,5.0,False
35.0,7,65170.26,146.0,32.18,1448.23,11.0,278.0,45.0,6.0,132.0,34,15.0,22.0,False
12.0,1,6050.37,34.0,12.67,276.9,11.0,57.0,21.85,6.0,23.0,12,19.0,10.0,False
3.0,0,39.3,4.0,9.83,19.65,1.0,7.0,2.0,1.0,3.0,3,4.0,3.0,False
12.0,1,7483.01,36.0,11.97,299.32,11.0,61.0,25.0,6.0,25.0,12,20.0,10.0,False
36.0,4,21902.71,87.0,33.06,850.95,13.0,161.0,25.74,7.0,74.0,36,16.0,23.0,False
5.0,1,348.9,12.0,19.0,81.41,1.0,22.0,4.29,1.0,10.0,5,6.0,7.0,False
10.0,2,4519.69,28.0,10.25,215.22,5.0,49.0,21.0,3.0,21.0,10,14.0,7.0,False
3.0,1,39.3,4.0,9.83,19.65,1.0,7.0,2.0,1.0,3.0,3,4.0,3.0,False
8.0,1,1914.4,19.0,9.65,135.93,5.0,32.0,14.08,3.0,13.0,8,13.0,6.0,False
9.0,5,585.25,20.0,34.97,143.06,1.0,35.0,4.09,1.0,15.0,9,6.0,11.0,False
123.0,1,122205.27,607.0,598.33,8551.0,1.0,1212.0,14.29,1.0,605.0,123,6.0,127.0,False
7.0,1,732.92,15.0,9.57,83.76,5.0,22.0,8.75,3.0,7.0,7,10.0,4.0,False
10.0,4,1489.65,21.0,18.85,167.59,3.0,41.0,8.89,2.0,20.0,9,8.0,9.0,False
5.0,0,333.04,11.0,18.13,77.71,1.0,21.0,4.29,1.0,10.0,5,6.0,7.0,False
18.0,1,8990.21,40.0,11.47,321.08,9.0,72.0,28.0,5.0,32.0,18,14.0,8.0,False
5.0,2,189.35,10.0,21.04,63.12,1.0,19.0,3.0,1.0,9.0,5,4.0,6.0,False
6.0,1,855.74,15.0,15.91,116.69,1.0,27.0,7.33,1.0,12.0,6,11.0,9.0,False
12.0,1,362.64,13.0,16.65,77.71,3.0,21.0,4.67,2.0,8.0,12,7.0,6.0,False
16.0,2,9393.71,48.0,9.47,298.21,17.0,69.0,31.5,9.0,21.0,16,15.0,5.0,False
6.0,2,296.52,13.0,25.23,86.49,1.0,25.0,3.43,1.0,12.0,6,4.0,7.0,False
6.0,2,290.59,10.0,10.54,55.35,1.0,16.0,5.25,1.0,6.0,5,7.0,4.0,False
12.0,2,3241.45,30.0,14.41,216.1,7.0,50.0,15.0,4.0,20.0,12,12.0,8.0,False
5.0,1,1.0,1.0,4.0,2.0,1.0,2.0,0.5,1.0,1.0,5,1.0,1.0,False
3.0,0,17.41,3.0,7.74,11.61,1.0,5.0,1.5,1.0,2.0,3,3.0,2.0,False
8.0,0,764.63,15.0,17.2,114.69,3.0,27.0,6.67,2.0,12.0,8,10.0,9.0,False
5.0,0,1021.71,13.0,4.54,68.11,5.0,19.0,15.0,3.0,6.0,5,10.0,2.0,False
30.0,4,22456.97,109.0,63.69,1195.93,25.0,213.0,18.78,13.0,104.0,30,13.0,36.0,False
17.0,0,5956.4,42.0,16.16,310.23,11.0,66.0,19.2,8.0,24.0,17,16.0,10.0,False
8.0,1,1440.0,24.0,14.4,144.0,7.0,36.0,10.0,4.0,12.0,8,10.0,6.0,False
37.0,5,29792.16,146.0,99.56,1722.24,29.0,268.0,17.3,15.0,122.0,37,19.0,67.0,False
10.0,2,876.39,15.0,13.14,107.31,5.0,29.0,8.17,3.0,14.0,10,7.0,6.0,False
13.0,1,8269.85,47.0,19.75,404.17,19.0,85.0,20.46,10.0,38.0,13,14.0,13.0,False
12.0,3,5140.01,61.0,44.78,479.73,1.0,111.0,10.71,1.0,50.0,12,6.0,14.0,False
9.0,1,2929.74,29.0,19.34,238.04,3.0,49.0,12.31,2.0,20.0,9,16.0,13.0,False
11.0,2,1389.74,20.0,13.9,138.97,1.0,34.0,10.0,1.0,14.0,11,10.0,7.0,False
31.0,0,23526.15,85.0,27.36,802.26,17.0,154.0,29.33,9.0,69.0,31,17.0,20.0,False
19.0,0,2670.15,35.0,25.77,262.33,6.0,54.0,10.18,5.0,19.0,19,15.0,14.0,False
5.0,0,190.9,11.0,11.93,47.73,1.0,17.0,4.0,1.0,6.0,5,4.0,3.0,False
0.0,0,0.0,2.0,0.0,2.0,1.0,2.0,0.0,1.0,0.0,0,2.0,0.0,False
4.0,0,344.16,10.0,9.56,57.36,1.0,16.0,6.0,1.0,6.0,4,8.0,4.0,False
19.0,0,2845.58,35.0,23.68,259.6,6.0,54.0,10.96,5.0,19.0,19,15.0,13.0,False
6.0,0,1308.36,18.0,14.12,135.93,7.0,32.0,9.63,4.0,14.0,6,11.0,8.0,False
8.0,2,3281.21,25.0,7.35,155.32,9.0,38.0,21.12,5.0,13.0,8,13.0,4.0,False
11.0,0,4949.88,34.0,16.86,288.85,9.0,63.0,17.14,5.0,29.0,11,13.0,11.0,False
9.0,2,875.68,16.0,15.57,116.76,3.0,28.0,7.5,2.0,12.0,9,10.0,8.0,False
18.0,1,9099.07,48.0,22.75,454.95,11.0,88.0,20.0,6.0,40.0,18,18.0,18.0,False
6.0,0,1529.25,20.0,18.88,169.92,5.0,40.0,9.0,3.0,20.0,6,9.0,10.0,False
24.0,2,29769.28,88.0,21.89,807.3,20.0,147.0,36.88,11.0,59.0,24,25.0,20.0,False
3.0,0,27.14,4.0,12.06,18.09,1.0,7.0,1.5,1.0,3.0,3,3.0,3.0,False
3.0,0,17.41,3.0,7.74,11.61,1.0,5.0,1.5,1.0,2.0,3,3.0,2.0,False
0.0,0,0.0,1.0,0.0,0.0,1.0,1.0,0.0,1.0,0.0,0,1.0,0.0,False
5.0,0,933.43,22.0,18.67,132.0,1.0,33.0,7.07,1.0,11.0,5,9.0,7.0,False
10.0,1,683.19,17.0,16.53,106.27,1.0,26.0,6.43,1.0,9.0,10,10.0,7.0,False
13.0,1,7746.14,38.0,14.3,332.84,7.0,70.0,23.27,4.0,32.0,13,16.0,11.0,False
10.0,1,515.71,14.0,14.33,85.95,1.0,22.0,6.0,1.0,8.0,10,9.0,6.0,False
24.0,3,10462.88,61.0,31.59,574.88,9.0,113.0,18.2,5.0,52.0,24,14.0,20.0,False
6.0,0,234.0,9.0,6.5,39.0,3.0,13.0,6.0,2.0,4.0,6,6.0,2.0,False
74.0,4,252471.13,294.0,36.82,3048.99,24.0,488.0,82.8,16.0,194.0,64,35.0,41.0,False
27.0,3,6486.52,61.0,36.01,483.31,13.0,95.0,13.42,7.0,34.0,22,15.0,19.0,False
12.0,0,2300.62,34.0,38.8,298.78,1.0,67.0,7.7,1.0,33.0,12,7.0,15.0,False
13.0,0,1243.74,21.0,14.28,133.26,5.0,35.0,9.33,3.0,14.0,13,8.0,6.0,False
14.0,0,3126.53,31.0,20.76,254.75,3.0,58.0,12.27,2.0,27.0,14,10.0,11.0,False
7.0,1,666.08,12.0,8.22,74.01,3.0,20.0,9.0,2.0,8.0,7,9.0,4.0,False
21.0,1,13197.22,67.0,31.94,649.28,19.0,122.0,20.33,10.0,55.0,20,17.0,23.0,False
17.0,0,3229.13,35.0,25.96,289.51,7.0,64.0,11.15,4.0,29.0,17,10.0,13.0,False
6.0,0,368.89,14.0,15.36,75.28,5.0,21.0,4.9,3.0,7.0,6,7.0,5.0,False
21.0,2,23011.32,91.0,35.91,909.09,21.0,172.0,25.31,11.0,81.0,21,15.0,24.0,False
8.0,1,139.52,8.0,15.5,46.51,1.0,14.0,3.0,1.0,6.0,8,5.0,5.0,False
10.0,1,4326.62,30.0,13.35,240.37,5.0,50.0,18.0,3.0,20.0,10,18.0,10.0,False
7.0,1,883.14,19.0,22.25,140.18,1.0,33.0,6.3,1.0,14.0,7,9.0,10.0,False
7.0,1,255.97,11.0,14.51,60.94,3.0,17.0,4.2,2.0,6.0,7,7.0,5.0,False
24.0,2,14329.51,65.0,24.71,595.0,9.0,116.0,24.08,5.0,51.0,23,17.0,18.0,False
8.0,1,2082.85,21.0,13.45,167.37,5.0,37.0,12.44,3.0,16.0,8,14.0,9.0,False
29.0,2,12659.07,64.0,28.86,604.41,13.0,122.0,20.94,7.0,58.0,29,13.0,18.0,False
6.0,1,548.26,12.0,10.58,76.15,3.0,20.0,7.2,2.0,8.0,6,9.0,5.0,False
10.0,1,2752.77,29.0,22.75,250.25,5.0,51.0,11.0,3.0,22.0,10,15.0,15.0,False
91.0,5,81861.96,305.0,179.17,3829.8,67.0,548.0,21.38,34.0,243.0,90,19.0,108.0,False
14.0,1,2805.08,27.0,15.86,210.91,7.0,46.0,13.3,4.0,19.0,14,14.0,10.0,False
11.0,1,3973.8,35.0,24.61,312.75,7.0,62.0,12.71,4.0,27.0,11,16.0,17.0,False
4.0,0,67.5,6.0,10.8,27.0,1.0,9.0,2.5,1.0,3.0,4,5.0,3.0,False
5.0,0,301.96,11.0,13.11,62.91,5.0,17.0,4.8,3.0,6.0,5,8.0,5.0,False
21.0,1,4521.96,49.0,53.82,493.31,7.0,94.0,9.17,4.0,45.0,21,11.0,27.0,False
9.0,1,1386.67,19.0,11.82,128.0,3.0,32.0,10.83,2.0,13.0,9,10.0,6.0,False
48.0,4,15311.87,111.0,93.54,1196.79,25.0,198.0,12.79,13.0,87.0,43,15.0,51.0,False
34.0,5,7181.41,62.0,56.82,638.78,15.0,115.0,11.24,8.0,53.0,34,14.0,33.0,False
8.0,2,2347.73,24.0,12.1,168.56,5.0,39.0,13.93,3.0,15.0,8,13.0,7.0,False
21.0,1,7026.27,51.0,34.66,493.48,7.0,97.0,14.24,4.0,46.0,21,13.0,21.0,False
27.0,6,17192.85,80.0,32.25,744.7,17.0,139.0,23.09,9.0,59.0,24,18.0,23.0,False
11.0,0,745.37,15.0,15.77,108.42,3.0,26.0,6.87,2.0,11.0,11,10.0,8.0,False
0.0,0,38.77,5.0,6.2,15.51,1.0,6.0,2.5,1.0,1.0,0,5.0,1.0,False
16.0,1,5851.26,32.0,13.27,278.63,7.0,60.0,21.0,4.0,28.0,16,15.0,10.0,False
75.0,1,345890.61,439.0,62.26,4640.43,107.0,694.0,74.54,54.0,255.0,75,38.0,65.0,False
12.0,1,3399.65,25.0,10.49,188.87,5.0,43.0,18.0,3.0,18.0,12,14.0,7.0,False
17.0,1,8403.09,41.0,15.38,359.49,11.0,74.0,23.38,6.0,33.0,17,17.0,12.0,False
22.0,3,11307.85,62.0,27.21,554.68,9.0,101.0,20.39,6.0,39.0,22,23.0,22.0,False
16.0,1,5332.64,42.0,25.24,366.86,9.0,79.0,14.54,5.0,37.0,16,11.0,14.0,False
24.0,2,20407.1,99.0,43.14,938.26,1.0,186.0,21.75,1.0,87.0,24,11.0,22.0,False
18.0,3,3416.62,33.0,29.62,318.15,5.0,59.0,10.74,3.0,26.0,16,19.0,23.0,False
45.0,1,51715.86,166.0,45.6,1535.7,20.0,255.0,33.68,12.0,89.0,43,28.0,37.0,False
31.0,0,7669.86,68.0,46.4,596.54,15.0,108.0,12.86,14.0,40.0,31,18.0,28.0,False
14.0,1,8332.05,49.0,16.12,366.61,11.0,74.0,22.73,6.0,25.0,14,20.0,11.0,False
4.0,2,296.65,7.0,7.91,48.43,3.0,14.0,6.13,2.0,7.0,4,7.0,4.0,False
14.0,2,10120.67,56.0,21.83,470.0,7.0,94.0,21.53,4.0,38.0,14,17.0,15.0,False
11.0,1,3299.03,29.0,16.12,230.7,9.0,51.0,14.3,5.0,22.0,11,13.0,10.0,False
11.0,0,149.49,11.0,16.61,49.83,3.0,15.0,3.0,2.0,4.0,11,6.0,4.0,False
6.0,0,712.17,18.0,18.02,113.3,9.0,29.0,6.29,5.0,11.0,6,8.0,7.0,False
3.0,0,39.3,4.0,9.83,19.65,1.0,7.0,2.0,1.0,3.0,3,4.0,3.0,False
11.0,1,1899.9,21.0,13.96,162.85,5.0,36.0,11.67,3.0,15.0,10,14.0,9.0,False
5.0,0,150.57,7.0,12.29,43.02,1.0,12.0,3.5,1.0,5.0,5,7.0,5.0,False
48.0,1,66661.35,144.0,31.42,1447.13,19.0,246.0,46.06,10.0,102.0,31,28.0,31.0,False
52.0,5,47183.65,148.0,31.64,1221.82,49.0,249.0,38.62,25.0,101.0,52,13.0,17.0,False
4.0,2,82.5,6.0,13.2,33.0,1.0,11.0,2.5,1.0,5.0,4,4.0,4.0,False
10.0,1,5615.72,32.0,11.9,258.51,7.0,55.0,21.72,4.0,23.0,10,17.0,9.0,False
21.0,1,1962.54,26.0,16.21,178.41,7.0,42.0,11.0,4.0,16.0,21,11.0,8.0,False
10.0,0,2095.13,29.0,25.87,232.79,5.0,53.0,9.0,3.0,24.0,10,9.0,12.0,False
5.0,0,124.54,7.0,13.84,41.51,1.0,12.0,3.0,1.0,5.0,5,6.0,5.0,False
30.0,2,25722.21,86.0,25.12,803.82,21.0,158.0,32.0,11.0,72.0,28,16.0,18.0,False
4.0,1,519.62,12.0,10.6,74.23,1.0,19.0,7.0,1.0,7.0,4,10.0,5.0,False
6.0,1,475.2,12.0,10.91,72.0,1.0,18.0,6.6,1.0,6.0,6,11.0,5.0,False
8.0,1,629.06,16.0,15.92,100.08,3.0,24.0,6.29,2.0,8.0,8,11.0,7.0,False
15.0,5,2885.48,44.0,29.93,293.89,1.0,68.0,9.82,1.0,24.0,15,9.0,11.0,False
18.0,1,5067.07,38.0,18.99,310.23,7.0,66.0,16.32,4.0,28.0,17,14.0,12.0,False
35.0,7,56178.07,160.0,63.04,1881.83,11.0,305.0,29.85,6.0,145.0,35,21.0,51.0,False
15.0,5,3119.68,44.0,26.75,288.86,1.0,68.0,10.8,1.0,24.0,15,9.0,10.0,False
67.0,1,170295.87,288.0,56.51,3102.3,73.0,469.0,54.89,37.0,181.0,67,37.0,61.0,False
16.0,2,10759.67,50.0,10.13,330.22,17.0,73.0,32.58,9.0,23.0,16,17.0,6.0,False
12.0,4,18654.39,61.0,17.25,567.27,19.0,118.0,32.88,10.0,57.0,12,15.0,13.0,False
11.0,2,6421.58,42.0,11.15,267.57,15.0,60.0,24.0,8.0,18.0,11,16.0,6.0,False
21.0,6,4196.62,31.0,20.4,292.57,9.0,58.0,14.34,5.0,27.0,20,17.0,16.0,False
11.0,1,3502.14,25.0,8.42,171.67,9.0,42.0,20.4,5.0,17.0,11,12.0,5.0,False
17.0,3,7844.38,43.0,18.37,379.57,13.0,74.0,20.67,8.0,31.0,17,20.0,15.0,False
5.0,1,387.18,12.0,10.75,64.53,3.0,18.0,6.0,2.0,6.0,5,8.0,4.0,False
11.0,1,390.89,15.0,17.95,83.76,4.0,22.0,4.67,3.0,7.0,11,8.0,6.0,False
7.0,1,2024.24,19.0,6.02,110.41,5.0,29.0,18.33,3.0,10.0,7,11.0,3.0,False
4.0,0,46.53,5.0,11.63,23.26,1.0,9.0,2.0,1.0,4.0,4,3.0,3.0,False
77.0,4,88343.08,243.0,104.65,3040.61,41.0,441.0,29.05,21.0,198.0,73,27.0,92.0,False
4.0,0,915.2,18.0,11.82,104.0,3.0,26.0,8.8,2.0,8.0,4,11.0,5.0,False
21.0,7,5614.09,49.0,32.59,427.74,13.0,91.0,13.12,7.0,42.0,21,10.0,16.0,False
22.0,1,3111.43,39.0,41.65,360.0,5.0,72.0,8.64,3.0,33.0,21,11.0,21.0,False
36.0,2,42020.85,107.0,30.56,1133.15,33.0,196.0,37.08,17.0,89.0,34,25.0,30.0,False
18.0,1,8390.28,43.0,15.61,361.93,9.0,77.0,23.18,5.0,34.0,18,15.0,11.0,False
23.0,1,11715.15,52.0,18.18,461.51,11.0,96.0,25.38,6.0,44.0,23,15.0,13.0,False
9.0,1,2682.84,32.0,17.8,218.51,7.0,49.0,12.28,4.0,17.0,9,13.0,9.0,False
15.0,1,19978.47,103.0,30.72,783.47,5.0,154.0,25.5,3.0,51.0,15,17.0,17.0,False
9.0,1,3539.66,31.0,12.67,211.77,1.0,49.0,16.71,1.0,18.0,9,13.0,7.0,False
19.0,1,17423.93,78.0,26.08,674.04,17.0,125.0,25.85,9.0,47.0,19,22.0,20.0,False
26.0,1,21902.46,126.0,47.13,1015.99,7.0,185.0,21.56,4.0,59.0,26,19.0,26.0,False
13.0,4,4150.16,29.0,16.59,262.37,5.0,58.0,15.82,3.0,29.0,13,12.0,11.0,False
10.0,1,2534.72,23.0,18.06,213.97,7.0,45.0,11.85,4.0,22.0,10,14.0,13.0,False
5.0,7,599.49,12.0,11.15,81.75,3.0,20.0,7.33,2.0,8.0,5,11.0,6.0,False
39.0,5,32740.09,113.0,46.98,1240.15,31.0,201.0,26.4,16.0,88.0,33,27.0,45.0,False
17.0,0,13769.86,65.0,24.55,581.39,9.0,110.0,23.68,5.0,45.0,17,20.0,19.0,False
10.0,1,1674.72,20.0,14.12,153.8,5.0,34.0,10.89,3.0,14.0,10,14.0,9.0,False
13.0,0,570.49,15.0,18.86,103.73,3.0,24.0,5.5,2.0,9.0,13,11.0,9.0,False
8.0,2,381.44,11.0,12.16,68.11,5.0,19.0,5.6,3.0,8.0,8,7.0,5.0,False
9.0,1,1834.45,23.0,10.53,138.97,3.0,34.0,13.2,2.0,11.0,9,12.0,5.0,False
10.0,1,1685.67,24.0,20.81,187.3,3.0,42.0,9.0,2.0,18.0,10,11.0,11.0,False
13.0,1,4666.84,33.0,10.33,219.62,13.0,50.0,21.25,7.0,17.0,13,15.0,6.0,False
12.0,3,3013.13,28.0,15.37,215.22,3.0,49.0,14.0,2.0,21.0,12,12.0,9.0,False
9.0,1,3515.14,26.0,12.65,210.91,7.0,46.0,16.67,4.0,20.0,9,15.0,9.0,False
11.0,1,3066.8,24.0,8.77,164.0,9.0,41.0,18.7,5.0,17.0,11,11.0,5.0,False
11.0,1,3363.72,30.0,16.45,235.23,7.0,52.0,14.3,4.0,22.0,11,13.0,10.0,False
5.0,0,301.96,11.0,13.11,62.91,5.0,17.0,4.8,3.0,6.0,5,8.0,5.0,False
22.0,3,8682.88,61.0,34.83,549.92,13.0,111.0,15.79,7.0,50.0,22,12.0,19.0,False
17.0,3,12094.31,62.0,27.29,574.48,13.0,112.0,21.05,7.0,50.0,17,16.0,19.0,False
65.0,5,173359.85,322.0,70.75,3502.22,69.0,526.0,49.5,35.0,204.0,65,33.0,68.0,False
9.0,2,3755.43,26.0,10.4,197.65,7.0,45.0,19.0,4.0,19.0,9,14.0,7.0,False
6.0,1,656.91,16.0,15.9,102.19,3.0,25.0,6.43,2.0,9.0,6,10.0,7.0,False
7.0,0,487.35,16.0,12.99,79.57,1.0,23.0,6.13,1.0,7.0,7,7.0,4.0,False
8.0,0,777.94,21.0,15.88,111.13,1.0,31.0,7.0,1.0,10.0,8,7.0,5.0,False
9.0,1,899.21,15.0,8.77,88.81,1.0,24.0,10.13,1.0,9.0,9,9.0,4.0,False
8.0,1,1236.07,17.0,11.85,121.01,5.0,28.0,10.21,3.0,11.0,8,13.0,7.0,False
5.0,0,452.57,14.0,17.11,88.0,3.0,22.0,5.14,2.0,8.0,5,9.0,7.0,False
27.0,1,35696.56,82.0,16.21,760.58,11.0,146.0,46.93,6.0,64.0,22,22.0,15.0,False
11.0,1,515.71,14.0,14.33,85.95,1.0,22.0,6.0,1.0,8.0,11,9.0,6.0,False
3.0,0,12.0,3.0,5.33,8.0,1.0,4.0,1.5,1.0,1.0,3,3.0,1.0,False
10.0,1,6396.36,36.0,13.71,296.13,13.0,63.0,21.6,7.0,27.0,10,16.0,10.0,False
13.0,3,12420.23,49.0,16.66,454.95,7.0,88.0,27.3,4.0,39.0,13,21.0,15.0,False
7.0,1,851.86,16.0,13.8,108.42,5.0,26.0,7.86,3.0,10.0,7,11.0,7.0,False
5.0,0,301.96,11.0,13.11,62.91,5.0,17.0,4.8,3.0,6.0,5,8.0,5.0,False
17.0,1,7250.82,59.0,44.6,568.69,13.0,110.0,12.75,7.0,51.0,17,12.0,24.0,False
29.0,4,31867.04,86.0,26.43,917.77,21.0,161.0,34.72,11.0,75.0,29,25.0,27.0,False
8.0,0,1469.46,23.0,20.34,172.88,7.0,40.0,8.5,4.0,17.0,7,10.0,10.0,False
5.0,0,1021.71,13.0,4.54,68.11,5.0,19.0,15.0,3.0,6.0,5,10.0,2.0,False
23.0,1,18729.81,64.0,19.57,605.41,16.0,119.0,30.94,10.0,55.0,23,18.0,16.0,False
103.0,1,524548.83,397.0,42.16,4702.85,41.0,687.0,111.54,28.0,290.0,99,50.0,65.0,False
15.0,1,4614.93,35.0,16.95,279.69,3.0,57.0,16.5,2.0,22.0,15,18.0,12.0,False
38.0,5,39595.17,126.0,49.32,1397.48,31.0,228.0,28.33,16.0,102.0,38,25.0,45.0,False
5.0,1,268.87,10.0,10.75,53.77,3.0,15.0,5.0,2.0,5.0,5,8.0,4.0,False
36.0,3,53092.15,137.0,33.88,1341.28,37.0,232.0,39.58,19.0,95.0,36,25.0,30.0,False
10.0,1,3158.72,28.0,8.52,164.09,9.0,42.0,19.25,5.0,14.0,10,11.0,4.0,False
7.0,1,1134.8,15.0,6.38,85.11,5.0,23.0,13.33,3.0,8.0,7,10.0,3.0,False
5.0,1,326.92,12.0,11.86,62.27,3.0,18.0,5.25,2.0,6.0,5,7.0,4.0,False
10.0,1,4084.91,26.0,6.88,167.59,7.0,41.0,24.38,4.0,15.0,10,13.0,4.0,False
7.0,2,2574.0,28.0,9.45,156.0,11.0,39.0,16.5,6.0,11.0,7,12.0,4.0,False
8.0,1,866.67,16.0,12.48,104.0,3.0,26.0,8.33,2.0,10.0,8,10.0,6.0,False
19.0,1,79044.51,84.0,7.74,782.13,15.0,161.0,101.06,8.0,77.0,19,21.0,8.0,False
4.0,0,12.0,3.0,5.33,8.0,1.0,4.0,1.5,1.0,1.0,4,3.0,1.0,False
7.0,2,562.94,15.0,17.79,100.08,3.0,24.0,5.63,2.0,9.0,7,10.0,8.0,False
6.0,2,1282.82,18.0,7.22,96.21,7.0,26.0,13.33,4.0,8.0,6,10.0,3.0,False
10.0,1,3835.88,28.0,8.7,182.66,9.0,43.0,21.0,5.0,15.0,10,14.0,5.0,False
5.0,0,301.96,11.0,13.11,62.91,5.0,17.0,4.8,3.0,6.0,5,8.0,5.0,False
18.0,1,14050.56,61.0,26.75,613.12,15.0,111.0,22.92,8.0,50.0,18,22.0,24.0,False
26.0,1,47834.26,119.0,37.29,1335.62,35.0,228.0,35.81,18.0,109.0,26,23.0,35.0,False
